date,bands
9/22/2012,"9, 22, 2012"
9/27/2012,"9, 27, 2012"
9/29/2012,"9, 29, 2012"
10/7/2012,"10, 7, 2012"
10/13/2012,"10, 13, 2012"
10/19/2012,"10, 19, 2012"
10/20/2012,"10, 20, 2012"
10/22/2012,"10, 22, 2012"
10/24/2012,"10, 24, 2012"
10/25/2012,"10, 25, 2012"
10/27/2012,"10, 27, 2012"
10/31/2012,"10, 31, 2012"
11/2/2012,"11, 2, 2012"
11/4/2012,"11, 4, 2012"
11/6/2012,"11, 6, 2012"
11/9/2012,"11, 9, 2012"
11/10/2012,"11, 10, 2012"
11/12/2012,"11, 12, 2012"
11/16/2012,"11, 16, 2012"
11/17/2012,"11, 17, 2012"
11/21/2012,"11, 21, 2012"
11/23/2012,"11, 23, 2012"
11/24/2012,"11, 24, 2012"
11/28/2012,"11, 28, 2012"
11/30/2012,"11, 30, 2012"
12/1/2012,"12, 1, 2012"
12/7/2012,"12, 7, 2012"
12/8/2012,"12, 8, 2012"
12/14/2012,"12, 14, 2012"
12/18/2012,"12, 18, 2012"
12/21/2012,"12, 21, 2012"
12/22/2012,"12, 22, 2012"
12/23/2012,"12, 23, 2012"
12/27/2012,"12, 27, 2012"
12/28/2012,"12, 28, 2012"
12/29/2012,"12, 29, 2012"
1/4/2013,"1, 4, 2013"
1/5/2013,"1, 5, 2013"
1/11/2013,"1, 11, 2013"
1/14/2013,"1, 14, 2013"
1/15/2013,"1, 15, 2013"
1/16/2013,"1, 16, 2013"
1/19/2013,"1, 19, 2013"
1/21/2013,"1, 21, 2013"
1/22/2013,"1, 22, 2013"
1/24/2013,"1, 24, 2013"
1/25/2013,"1, 25, 2013"
1/26/2013,"1, 26, 2013"
1/29/2013,"1, 29, 2013"
1/30/2013,"1, 30, 2013"
2/1/2013,"2, 1, 2013"
2/2/2013,"2, 2, 2013"
2/2/2013,"2, 2, 2013"
2/7/2013,"2, 7, 2013"
2/9/2013,"2, 9, 2013"
2/15/2013,"2, 15, 2013"
2/16/2013,"2, 16, 2013"
2/18/2013,"2, 18, 2013"
2/19/2013,"2, 19, 2013"
2/22/2013,"2, 22, 2013"
2/23/2013,"2, 23, 2013"
2/28/2013,"2, 28, 2013"
3/1/2013,"3, 1, 2013"
3/2/2013,"3, 2, 2013"
3/3/2013,"3, 3, 2013"
3/4/2013,"3, 4, 2013"
3/5/2013,"3, 5, 2013"
3/6/2013,"3, 6, 2013"
3/7/2013,"3, 7, 2013"
3/8/2013,"3, 8, 2013"
3/9/2013,"3, 9, 2013"
3/10/2013,"3, 10, 2013"
3/13/2013,"3, 13, 2013"
3/14/2013,"3, 14, 2013"
3/15/2013,"3, 15, 2013"
3/16/2013,"3, 16, 2013"
3/18/2013,"3, 18, 2013"
3/20/2013,"3, 20, 2013"
3/21/2013,"3, 21, 2013"
3/22/2013,"3, 22, 2013"
3/23/2013,"3, 23, 2013"
3/24/2013,"3, 24, 2013"
3/25/2013,"3, 25, 2013"
3/26/2013,"3, 26, 2013"
3/27/2013,"3, 27, 2013"
3/28/2013,"3, 28, 2013"
3/29/2013,"3, 29, 2013"
3/30/2013,"3, 30, 2013"
3/31/2013,"3, 31, 2013"
4/1/2013,"4, 1, 2013"
4/2/2013,"4, 2, 2013"
4/4/2013,"4, 4, 2013"
4/5/2013,"4, 5, 2013"
4/6/2013,"4, 6, 2013"
4/7/2013,"4, 7, 2013"
4/8/2013,"4, 8, 2013"
4/9/2013,"4, 9, 2013"
4/10/2013,"4, 10, 2013"
4/11/2013,"4, 11, 2013"
4/12/2013,"4, 12, 2013"
4/13/2013,"4, 13, 2013"
4/14/2013,"4, 14, 2013"
4/16/2013,"4, 16, 2013"
4/18/2013,"4, 18, 2013"
4/19/2013,"4, 19, 2013"
4/20/2013,"4, 20, 2013"
4/25/2013,"4, 25, 2013"
4/26/2013,"4, 26, 2013"
4/27/2013,"4, 27, 2013"
4/29/2013,"4, 29, 2013"
5/1/2013,"5, 1, 2013"
5/2/2013,"5, 2, 2013"
5/4/2013,"5, 4, 2013"
5/5/2013,"5, 5, 2013"
5/6/2013,"5, 6, 2013"
5/7/2013,"5, 7, 2013"
5/8/2013,"5, 8, 2013"
5/9/2013,"5, 9, 2013"
5/10/2013,"5, 10, 2013"
5/12/2013,"5, 12, 2013"
5/14/2013,"5, 14, 2013"
5/15/2013,"5, 15, 2013"
5/16/2013,"5, 16, 2013"
5/17/2013,"5, 17, 2013"
5/18/2013,"5, 18, 2013"
5/19/2013,"5, 19, 2013"
5/20/2013,"5, 20, 2013"
5/24/2013,"5, 24, 2013"
5/25/2013,"5, 25, 2013"
5/27/2013,"5, 27, 2013"
5/28/2013,"5, 28, 2013"
5/29/2013,"5, 29, 2013"
5/30/2013,"5, 30, 2013"
5/31/2013,"5, 31, 2013"
6/1/2013,"6, 1, 2013"
6/2/2013,"6, 2, 2013"
6/3/2013,"6, 3, 2013"
6/4/2013,"6, 4, 2013"
6/5/2013,"6, 5, 2013"
6/6/2013,"6, 6, 2013"
6/7/2013,"6, 7, 2013"
6/8/2013,"6, 8, 2013"
6/9/2013,"6, 9, 2013"
6/10/2013,"6, 10, 2013"
6/11/2013,"6, 11, 2013"
6/12/2013,"6, 12, 2013"
6/14/2013,"6, 14, 2013"
6/15/2013,"6, 15, 2013"
6/16/2013,"6, 16, 2013"
6/17/2013,"6, 17, 2013"
6/19/2013,"6, 19, 2013"
6/20/2013,"6, 20, 2013"
6/21/2013,"6, 21, 2013"
6/22/2013,"6, 22, 2013"
6/23/2013,"6, 23, 2013"
6/24/2013,"6, 24, 2013"
6/25/2013,"6, 25, 2013"
6/26/2013,"6, 26, 2013"
6/27/2013,"6, 27, 2013"
6/28/2013,"6, 28, 2013"
6/29/2013,"6, 29, 2013"
6/30/2013,"6, 30, 2013"
7/1/2013,"7, 1, 2013"
7/2/2013,"7, 2, 2013"
7/3/2013,"7, 3, 2013"
7/4/2013,"7, 4, 2013"
7/5/2013,"7, 5, 2013"
7/6/2013,"7, 6, 2013"
7/7/2013,"7, 7, 2013"
7/7/2013,"7, 7, 2013"
7/8/2013,"7, 8, 2013"
7/9/2013,"7, 9, 2013"
7/10/2013,"7, 10, 2013"
7/11/2013,"7, 11, 2013"
7/12/2013,"7, 12, 2013"
7/13/2013,"7, 13, 2013"
7/14/2013,"7, 14, 2013"
7/15/2013,"7, 15, 2013"
7/16/2013,"7, 16, 2013"
7/17/2013,"7, 17, 2013"
7/18/2013,"7, 18, 2013"
7/19/2013,"7, 19, 2013"
7/20/2013,"7, 20, 2013"
7/22/2013,"7, 22, 2013"
7/23/2013,"7, 23, 2013"
7/24/2013,"7, 24, 2013"
7/25/2013,"7, 25, 2013"
7/26/2013,"7, 26, 2013"
7/28/2013,"7, 28, 2013"
7/29/2013,"7, 29, 2013"
7/30/2013,"7, 30, 2013"
8/1/2013,"8, 1, 2013"
8/2/2013,"8, 2, 2013"
8/4/2013,"8, 4, 2013"
8/5/2013,"8, 5, 2013"
8/6/2013,"8, 6, 2013"
8/7/2013,"8, 7, 2013"
8/8/2013,"8, 8, 2013"
8/9/2013,"8, 9, 2013"
8/10/2013,"8, 10, 2013"
8/11/2013,"8, 11, 2013"
8/12/2013,"8, 12, 2013"
8/13/2013,"8, 13, 2013"
8/15/2013,"8, 15, 2013"
8/16/2013,"8, 16, 2013"
8/17/2013,"8, 17, 2013"
8/18/2013,"8, 18, 2013"
8/19/2013,"8, 19, 2013"
8/20/2013,"8, 20, 2013"
8/21/2013,"8, 21, 2013"
8/22/2013,"8, 22, 2013"
8/23/2013,"8, 23, 2013"
8/24/2013,"8, 24, 2013"
8/25/2013,"8, 25, 2013"
8/27/2013,"8, 27, 2013"
8/30/2013,"8, 30, 2013"
8/31/2013,"8, 31, 2013"
9/1/2013,"9, 1, 2013"
9/3/2013,"9, 3, 2013"
9/4/2013,"9, 4, 2013"
9/6/2013,"9, 6, 2013"
9/7/2013,"9, 7, 2013"
9/8/2013,"9, 8, 2013"
9/9/2013,"9, 9, 2013"
9/10/2013,"9, 10, 2013"
9/11/2013,"9, 11, 2013"
9/12/2013,"9, 12, 2013"
9/16/2013,"9, 16, 2013"
9/17/2013,"9, 17, 2013"
9/18/2013,"9, 18, 2013"
9/19/2013,"9, 19, 2013"
9/20/2013,"9, 20, 2013"
9/21/2013,"9, 21, 2013"
9/22/2013,"9, 22, 2013"
9/23/2013,"9, 23, 2013"
9/24/2013,"9, 24, 2013"
9/25/2013,"9, 25, 2013"
9/26/2013,"9, 26, 2013"
9/27/2013,"9, 27, 2013"
9/28/2013,"9, 28, 2013"
9/29/2013,"9, 29, 2013"
9/30/2013,"9, 30, 2013"
10/1/2013,"10, 1, 2013"
10/3/2013,"10, 3, 2013"
10/4/2013,"10, 4, 2013"
10/6/2013,"10, 6, 2013"
10/8/2013,"10, 8, 2013"
10/9/2013,"10, 9, 2013"
10/10/2013,"10, 10, 2013"
10/11/2013,"10, 11, 2013"
10/12/2013,"10, 12, 2013"
10/14/2013,"10, 14, 2013"
10/15/2013,"10, 15, 2013"
10/16/2013,"10, 16, 2013"
10/17/2013,"10, 17, 2013"
10/18/2013,"10, 18, 2013"
10/19/2013,"10, 19, 2013"
10/20/2013,"10, 20, 2013"
10/21/2013,"10, 21, 2013"
10/23/2013,"10, 23, 2013"
10/26/2013,"10, 26, 2013"
10/27/2013,"10, 27, 2013"
10/29/2013,"10, 29, 2013"
10/30/2013,"10, 30, 2013"
10/31/2013,"10, 31, 2013"
11/1/2013,"11, 1, 2013"
11/2/2013,"11, 2, 2013"
11/3/2013,"11, 3, 2013"
11/4/2013,"11, 4, 2013"
11/6/2013,"11, 6, 2013"
11/8/2013,"11, 8, 2013"
11/14/2013,"11, 14, 2013"
11/15/2013,"11, 15, 2013"
11/16/2013,"11, 16, 2013"
11/19/2013,"11, 19, 2013"
11/20/2013,"11, 20, 2013"
11/21/2013,"11, 21, 2013"
11/22/2013,"11, 22, 2013"
11/24/2013,"11, 24, 2013"
11/25/2013,"11, 25, 2013"
11/26/2013,"11, 26, 2013"
11/27/2013,"11, 27, 2013"
11/29/2013,"11, 29, 2013"
11/30/2013,"11, 30, 2013"
12/5/2013,"12, 5, 2013"
12/6/2013,"12, 6, 2013"
12/8/2013,"12, 8, 2013"
12/9/2013,"12, 9, 2013"
12/10/2013,"12, 10, 2013"
12/11/2013,"12, 11, 2013"
12/12/2013,"12, 12, 2013"
12/13/2013,"12, 13, 2013"
12/14/2013,"12, 14, 2013"
12/15/2013,"12, 15, 2013"
12/17/2013,"12, 17, 2013"
12/18/2013,"12, 18, 2013"
12/19/2013,"12, 19, 2013"
12/20/2013,"12, 20, 2013"
12/21/2013,"12, 21, 2013"
12/22/2013,"12, 22, 2013"
12/26/2013,"12, 26, 2013"
12/27/2013,"12, 27, 2013"
12/28/2013,"12, 28, 2013"
12/29/2013,"12, 29, 2013"
1/2/2014,"1, 2, 2014"
1/3/2014,"1, 3, 2014"
1/4/2014,"1, 4, 2014"
1/5/2014,"1, 5, 2014"
1/7/2014,"1, 7, 2014"
1/8/2014,"1, 8, 2014"
1/9/2014,"1, 9, 2014"
1/10/2014,"1, 10, 2014"
1/11/2014,"1, 11, 2014"
1/12/2014,"1, 12, 2014"
1/13/2014,"1, 13, 2014"
1/15/2014,"1, 15, 2014"
1/16/2014,"1, 16, 2014"
1/18/2014,"1, 18, 2014"
1/20/2014,"1, 20, 2014"
1/23/2014,"1, 23, 2014"
1/24/2014,"1, 24, 2014"
1/25/2014,"1, 25, 2014"
1/26/2014,"1, 26, 2014"
1/28/2014,"1, 28, 2014"
1/29/2014,"1, 29, 2014"
1/30/2014,"1, 30, 2014"
1/31/2014,"1, 31, 2014"
2/1/2014,"2, 1, 2014"
2/2/2014,"2, 2, 2014"
2/3/2014,"2, 3, 2014"
2/5/2014,"2, 5, 2014"
2/7/2014,"2, 7, 2014"
2/8/2014,"2, 8, 2014"
2/10/2014,"2, 10, 2014"
2/11/2014,"2, 11, 2014"
2/12/2014,"2, 12, 2014"
2/13/2014,"2, 13, 2014"
2/14/2014,"2, 14, 2014"
2/15/2014,"2, 15, 2014"
2/16/2014,"2, 16, 2014"
2/18/2014,"2, 18, 2014"
2/19/2014,"2, 19, 2014"
2/20/2014,"2, 20, 2014"
2/21/2014,"2, 21, 2014"
2/22/2014,"2, 22, 2014"
2/23/2014,"2, 23, 2014"
2/24/2014,"2, 24, 2014"
2/25/2014,"2, 25, 2014"
2/26/2014,"2, 26, 2014"
2/27/2014,"2, 27, 2014"
2/28/2014,"2, 28, 2014"
3/1/2014,"3, 1, 2014"
3/2/2014,"3, 2, 2014"
3/3/2014,"3, 3, 2014"
3/4/2014,"3, 4, 2014"
3/5/2014,"3, 5, 2014"
3/6/2014,"3, 6, 2014"
3/7/2014,"3, 7, 2014"
3/8/2014,"3, 8, 2014"
3/9/2014,"3, 9, 2014"
3/11/2014,"3, 11, 2014"
3/12/2014,"3, 12, 2014"
3/13/2014,"3, 13, 2014"
3/14/2014,"3, 14, 2014"
3/15/2014,"3, 15, 2014"
3/16/2014,"3, 16, 2014"
3/17/2014,"3, 17, 2014"
3/18/2014,"3, 18, 2014"
3/19/2014,"3, 19, 2014"
3/20/2014,"3, 20, 2014"
3/21/2014,"3, 21, 2014"
3/22/2014,"3, 22, 2014"
3/23/2014,"3, 23, 2014"
3/25/2014,"3, 25, 2014"
3/26/2014,"3, 26, 2014"
3/27/2014,"3, 27, 2014"
3/28/2014,"3, 28, 2014"
3/29/2014,"3, 29, 2014"
3/30/2014,"3, 30, 2014"
4/1/2014,"4, 1, 2014"
4/3/2014,"4, 3, 2014"
4/4/2014,"4, 4, 2014"
4/5/2014,"4, 5, 2014"
4/6/2014,"4, 6, 2014"
4/8/2014,"4, 8, 2014"
4/9/2014,"4, 9, 2014"
4/10/2014,"4, 10, 2014"
4/11/2014,"4, 11, 2014"
4/12/2014,"4, 12, 2014"
4/13/2014,"4, 13, 2014"
4/14/2014,"4, 14, 2014"
4/15/2014,"4, 15, 2014"
4/16/2014,"4, 16, 2014"
4/17/2014,"4, 17, 2014"
4/18/2014,"4, 18, 2014"
4/19/2014,"4, 19, 2014"
4/20/2014,"4, 20, 2014"
4/21/2014,"4, 21, 2014"
4/22/2014,"4, 22, 2014"
4/24/2014,"4, 24, 2014"
4/25/2014,"4, 25, 2014"
4/26/2014,"4, 26, 2014"
4/27/2014,"4, 27, 2014"
4/30/2014,"4, 30, 2014"
5/1/2014,"5, 1, 2014"
5/2/2014,"5, 2, 2014"
5/3/2014,"5, 3, 2014"
5/4/2014,"5, 4, 2014"
5/6/2014,"5, 6, 2014"
5/8/2014,"5, 8, 2014"
5/9/2014,"5, 9, 2014"
5/10/2014,"5, 10, 2014"
5/11/2014,"5, 11, 2014"
5/14/2014,"5, 14, 2014"
5/15/2014,"5, 15, 2014"
5/16/2014,"5, 16, 2014"
5/17/2014,"5, 17, 2014"
5/18/2014,"5, 18, 2014"
5/21/2014,"5, 21, 2014"
5/22/2014,"5, 22, 2014"
5/23/2014,"5, 23, 2014"
5/24/2014,"5, 24, 2014"
5/25/2014,"5, 25, 2014"
5/26/2014,"5, 26, 2014"
5/28/2014,"5, 28, 2014"
5/29/2014,"5, 29, 2014"
5/30/2014,"5, 30, 2014"
5/31/2014,"5, 31, 2014"
6/1/2014,"6, 1, 2014"
6/3/2014,"6, 3, 2014"
6/4/2014,"6, 4, 2014"
6/6/2014,"6, 6, 2014"
6/7/2014,"6, 7, 2014"
6/8/2014,"6, 8, 2014"
6/9/2014,"6, 9, 2014"
6/11/2014,"6, 11, 2014"
6/13/2014,"6, 13, 2014"
6/14/2014,"6, 14, 2014"
6/15/2014,"6, 15, 2014"
6/16/2014,"6, 16, 2014"
6/17/2014,"6, 17, 2014"
6/19/2014,"6, 19, 2014"
6/20/2014,"6, 20, 2014"
6/21/2014,"6, 21, 2014"
6/22/2014,"6, 22, 2014"
6/24/2014,"6, 24, 2014"
6/25/2014,"6, 25, 2014"
6/27/2014,"6, 27, 2014"
6/28/2014,"6, 28, 2014"
6/29/2014,"6, 29, 2014"
6/30/2014,"6, 30, 2014"
7/1/2014,"7, 1, 2014"
7/2/2014,"7, 2, 2014"
7/6/2014,"7, 6, 2014"
7/7/2014,"7, 7, 2014"
7/8/2014,"7, 8, 2014"
7/9/2014,"7, 9, 2014"
7/11/2014,"7, 11, 2014"
7/12/2014,"7, 12, 2014"
7/13/2014,"7, 13, 2014"
7/15/2014,"7, 15, 2014"
7/16/2014,"7, 16, 2014"
7/18/2014,"7, 18, 2014"
7/19/2014,"7, 19, 2014"
7/21/2014,"7, 21, 2014"
7/24/2014,"7, 24, 2014"
7/26/2014,"7, 26, 2014"
7/27/2014,"7, 27, 2014"
7/28/2014,"7, 28, 2014"
7/29/2014,"7, 29, 2014"
7/30/2014,"7, 30, 2014"
7/31/2014,"7, 31, 2014"
8/3/2014,"8, 3, 2014"
8/4/2014,"8, 4, 2014"
8/6/2014,"8, 6, 2014"
8/9/2014,"8, 9, 2014"
8/10/2014,"8, 10, 2014"
8/12/2014,"8, 12, 2014"
8/13/2014,"8, 13, 2014"
8/14/2014,"8, 14, 2014"
8/15/2014,"8, 15, 2014"
8/16/2014,"8, 16, 2014"
8/17/2014,"8, 17, 2014"
8/18/2014,"8, 18, 2014"
8/19/2014,"8, 19, 2014"
8/21/2014,"8, 21, 2014"
8/22/2014,"8, 22, 2014"
8/23/2014,"8, 23, 2014"
8/25/2014,"8, 25, 2014"
8/27/2014,"8, 27, 2014"
8/29/2014,"8, 29, 2014"
8/30/2014,"8, 30, 2014"
8/31/2014,"8, 31, 2014"
9/1/2014,"9, 1, 2014"
9/2/2014,"9, 2, 2014"
9/5/2014,"9, 5, 2014"
9/6/2014,"9, 6, 2014"
9/7/2014,"9, 7, 2014"
9/9/2014,"9, 9, 2014"
9/10/2014,"9, 10, 2014"
9/12/2014,"9, 12, 2014"
9/14/2014,"9, 14, 2014"
9/15/2014,"9, 15, 2014"
9/17/2014,"9, 17, 2014"
9/18/2014,"9, 18, 2014"
9/22/2014,"9, 22, 2014"
9/23/2014,"9, 23, 2014"
9/25/2014,"9, 25, 2014"
9/26/2014,"9, 26, 2014"
9/27/2014,"9, 27, 2014"
9/28/2014,"9, 28, 2014"
9/29/2014,"9, 29, 2014"
9/30/2014,"9, 30, 2014"
10/1/2014,"10, 1, 2014"
10/3/2014,"10, 3, 2014"
10/5/2014,"10, 5, 2014"
10/7/2014,"10, 7, 2014"
10/8/2014,"10, 8, 2014"
10/9/2014,"10, 9, 2014"
10/11/2014,"10, 11, 2014"
10/14/2014,"10, 14, 2014"
10/15/2014,"10, 15, 2014"
10/16/2014,"10, 16, 2014"
10/17/2014,"10, 17, 2014"
10/18/2014,"10, 18, 2014"
10/19/2014,"10, 19, 2014"
10/22/2014,"10, 22, 2014"
10/24/2014,"10, 24, 2014"
10/25/2014,"10, 25, 2014"
10/26/2014,"10, 26, 2014"
10/27/2014,"10, 27, 2014"
10/28/2014,"10, 28, 2014"
10/30/2014,"10, 30, 2014"
10/31/2014,"10, 31, 2014"
11/1/2014,"11, 1, 2014"
11/3/2014,"11, 3, 2014"
11/4/2014,"11, 4, 2014"
11/6/2014,"11, 6, 2014"
11/7/2014,"11, 7, 2014"
11/8/2014,"11, 8, 2014"
11/9/2014,"11, 9, 2014"
11/11/2014,"11, 11, 2014"
11/13/2014,"11, 13, 2014"
11/14/2014,"11, 14, 2014"
11/15/2014,"11, 15, 2014"
11/16/2014,"11, 16, 2014"
11/20/2014,"11, 20, 2014"
11/21/2014,"11, 21, 2014"
11/22/2014,"11, 22, 2014"
11/23/2014,"11, 23, 2014"
11/24/2014,"11, 24, 2014"
11/25/2014,"11, 25, 2014"
11/28/2014,"11, 28, 2014"
11/29/2014,"11, 29, 2014"
11/30/2014,"11, 30, 2014"
12/3/2014,"12, 3, 2014"
12/4/2014,"12, 4, 2014"
12/5/2014,"12, 5, 2014"
12/9/2014,"12, 9, 2014"
12/10/2014,"12, 10, 2014"
12/12/2014,"12, 12, 2014"
12/13/2014,"12, 13, 2014"
12/14/2014,"12, 14, 2014"
12/17/2014,"12, 17, 2014"
12/19/2014,"12, 19, 2014"
12/20/2014,"12, 20, 2014"
12/21/2014,"12, 21, 2014"
12/22/2014,"12, 22, 2014"
12/27/2014,"12, 27, 2014"
12/28/2014,"12, 28, 2014"
12/29/2014,"12, 29, 2014"
1/6/2015,"1, 6, 2015"
1/8/2015,"1, 8, 2015"
1/9/2015,"1, 9, 2015"
1/10/2015,"1, 10, 2015"
1/15/2015,"1, 15, 2015"
1/16/2015,"1, 16, 2015"
1/17/2015,"1, 17, 2015"
1/20/2015,"1, 20, 2015"
1/21/2015,"1, 21, 2015"
1/22/2015,"1, 22, 2015"
1/23/2015,"1, 23, 2015"
1/24/2015,"1, 24, 2015"
1/25/2015,"1, 25, 2015"
1/30/2015,"1, 30, 2015"
1/31/2015,"1, 31, 2015"
2/2/2015,"2, 2, 2015"
2/3/2015,"2, 3, 2015"
2/5/2015,"2, 5, 2015"
2/7/2015,"2, 7, 2015"
2/8/2015,"2, 8, 2015"
2/9/2015,"2, 9, 2015"
2/10/2015,"2, 10, 2015"
2/13/2015,"2, 13, 2015"
2/14/2015,"2, 14, 2015"
2/15/2015,"2, 15, 2015"
2/18/2015,"2, 18, 2015"
2/19/2015,"2, 19, 2015"
2/20/2015,"2, 20, 2015"
2/21/2015,"2, 21, 2015"
2/26/2015,"2, 26, 2015"
2/27/2015,"2, 27, 2015"
2/28/2015,"2, 28, 2015"
3/2/2015,"3, 2, 2015"
3/3/2015,"3, 3, 2015"
3/4/2015,"3, 4, 2015"
3/5/2015,"3, 5, 2015"
3/6/2015,"3, 6, 2015"
3/8/2015,"3, 8, 2015"
3/9/2015,"3, 9, 2015"
3/10/2015,"3, 10, 2015"
3/11/2015,"3, 11, 2015"
3/12/2015,"3, 12, 2015"
3/13/2015,"3, 13, 2015"
3/14/2015,"3, 14, 2015"
3/15/2015,"3, 15, 2015"
3/16/2015,"3, 16, 2015"
3/19/2015,"3, 19, 2015"
3/20/2015,"3, 20, 2015"
3/21/2015,"3, 21, 2015"
3/22/2015,"3, 22, 2015"
3/23/2015,"3, 23, 2015"
3/24/2015,"3, 24, 2015"
3/27/2015,"3, 27, 2015"
3/28/2015,"3, 28, 2015"
3/30/2015,"3, 30, 2015"
3/31/2015,"3, 31, 2015"
4/3/2015,"4, 3, 2015"
4/4/2015,"4, 4, 2015"
4/5/2015,"4, 5, 2015"
4/6/2015,"4, 6, 2015"
4/7/2015,"4, 7, 2015"
4/10/2015,"4, 10, 2015"
4/11/2015,"4, 11, 2015"
4/12/2015,"4, 12, 2015"
4/15/2015,"4, 15, 2015"
4/16/2015,"4, 16, 2015"
4/18/2015,"4, 18, 2015"
4/19/2015,"4, 19, 2015"
4/21/2015,"4, 21, 2015"
4/22/2015,"4, 22, 2015"
4/24/2015,"4, 24, 2015"
4/25/2015,"4, 25, 2015"
4/26/2015,"4, 26, 2015"
4/27/2015,"4, 27, 2015"
4/28/2015,"4, 28, 2015"
4/30/2015,"4, 30, 2015"
5/1/2015,"5, 1, 2015"
5/2/2015,"5, 2, 2015"
5/5/2015,"5, 5, 2015"
5/6/2015,"5, 6, 2015"
5/7/2015,"5, 7, 2015"
5/8/2015,"5, 8, 2015"
5/9/2015,"5, 9, 2015"
5/10/2015,"5, 10, 2015"
5/13/2015,"5, 13, 2015"
5/14/2015,"5, 14, 2015"
5/15/2015,"5, 15, 2015"
5/16/2015,"5, 16, 2015"
5/17/2015,"5, 17, 2015"
5/19/2015,"5, 19, 2015"
5/21/2015,"5, 21, 2015"
5/22/2015,"5, 22, 2015"
5/25/2015,"5, 25, 2015"
5/26/2015,"5, 26, 2015"
5/27/2015,"5, 27, 2015"
5/28/2015,"5, 28, 2015"
5/29/2015,"5, 29, 2015"
5/30/2015,"5, 30, 2015"
5/31/2015,"5, 31, 2015"
6/3/2015,"6, 3, 2015"
6/4/2015,"6, 4, 2015"
6/5/2015,"6, 5, 2015"
6/6/2015,"6, 6, 2015"
6/7/2015,"6, 7, 2015"
6/10/2015,"6, 10, 2015"
6/11/2015,"6, 11, 2015"
6/12/2015,"6, 12, 2015"
6/13/2015,"6, 13, 2015"
6/14/2015,"6, 14, 2015"
6/15/2015,"6, 15, 2015"
6/19/2015,"6, 19, 2015"
6/20/2015,"6, 20, 2015"
6/21/2015,"6, 21, 2015"
6/22/2015,"6, 22, 2015"
6/25/2015,"6, 25, 2015"
6/26/2015,"6, 26, 2015"
6/27/2015,"6, 27, 2015"
6/28/2015,"6, 28, 2015"
6/30/2015,"6, 30, 2015"
7/1/2015,"7, 1, 2015"
7/3/2015,"7, 3, 2015"
7/6/2015,"7, 6, 2015"
7/8/2015,"7, 8, 2015"
7/9/2015,"7, 9, 2015"
7/10/2015,"7, 10, 2015"
7/11/2015,"7, 11, 2015"
7/12/2015,"7, 12, 2015"
7/14/2015,"7, 14, 2015"
7/16/2015,"7, 16, 2015"
7/17/2015,"7, 17, 2015"
7/18/2015,"7, 18, 2015"
7/19/2015,"7, 19, 2015"
7/20/2015,"7, 20, 2015"
7/21/2015,"7, 21, 2015"
7/22/2015,"7, 22, 2015"
7/23/2015,"7, 23, 2015"
7/28/2015,"7, 28, 2015"
7/30/2015,"7, 30, 2015"
7/31/2015,"7, 31, 2015"
8/1/2015,"8, 1, 2015"
8/2/2015,"8, 2, 2015"
8/6/2015,"8, 6, 2015"
8/7/2015,"8, 7, 2015"
8/8/2015,"8, 8, 2015"
8/9/2015,"8, 9, 2015"
8/10/2015,"8, 10, 2015"
8/11/2015,"8, 11, 2015"
8/13/2015,"8, 13, 2015"
8/14/2015,"8, 14, 2015"
8/15/2015,"8, 15, 2015"
8/16/2015,"8, 16, 2015"
8/19/2015,"8, 19, 2015"
8/20/2015,"8, 20, 2015"
8/21/2015,"8, 21, 2015"
8/22/2015,"8, 22, 2015"
8/23/2015,"8, 23, 2015"
8/25/2015,"8, 25, 2015"
8/26/2015,"8, 26, 2015"
8/27/2015,"8, 27, 2015"
8/28/2015,"8, 28, 2015"
8/31/2015,"8, 31, 2015"
9/1/2015,"9, 1, 2015"
9/2/2015,"9, 2, 2015"
9/3/2015,"9, 3, 2015"
9/4/2015,"9, 4, 2015"
9/6/2015,"9, 6, 2015"
9/7/2015,"9, 7, 2015"
9/10/2015,"9, 10, 2015"
9/11/2015,"9, 11, 2015"
9/13/2015,"9, 13, 2015"
9/15/2015,"9, 15, 2015"
9/17/2015,"9, 17, 2015"
9/18/2015,"9, 18, 2015"
9/19/2015,"9, 19, 2015"
9/20/2015,"9, 20, 2015"
9/22/2015,"9, 22, 2015"
9/23/2015,"9, 23, 2015"
9/25/2015,"9, 25, 2015"
9/26/2015,"9, 26, 2015"
9/27/2015,"9, 27, 2015"
9/28/2015,"9, 28, 2015"
9/30/2015,"9, 30, 2015"
10/2/2015,"10, 2, 2015"
10/3/2015,"10, 3, 2015"
10/4/2015,"10, 4, 2015"
10/5/2015,"10, 5, 2015"
10/8/2015,"10, 8, 2015"
10/9/2015,"10, 9, 2015"
10/10/2015,"10, 10, 2015"
10/11/2015,"10, 11, 2015"
10/15/2015,"10, 15, 2015"
10/16/2015,"10, 16, 2015"
10/17/2015,"10, 17, 2015"
10/18/2015,"10, 18, 2015"
10/19/2015,"10, 19, 2015"
10/23/2015,"10, 23, 2015"
10/24/2015,"10, 24, 2015"
10/25/2015,"10, 25, 2015"
10/28/2015,"10, 28, 2015"
10/29/2015,"10, 29, 2015"
10/30/2015,"10, 30, 2015"
11/1/2015,"11, 1, 2015"
11/2/2015,"11, 2, 2015"
11/4/2015,"11, 4, 2015"
11/7/2015,"11, 7, 2015"
11/8/2015,"11, 8, 2015"
11/9/2015,"11, 9, 2015"
11/11/2015,"11, 11, 2015"
11/13/2015,"11, 13, 2015"
11/14/2015,"11, 14, 2015"
11/15/2015,"11, 15, 2015"
11/18/2015,"11, 18, 2015"
11/19/2015,"11, 19, 2015"
11/20/2015,"11, 20, 2015"
11/21/2015,"11, 21, 2015"
11/22/2015,"11, 22, 2015"
11/23/2015,"11, 23, 2015"
11/25/2015,"11, 25, 2015"
11/27/2015,"11, 27, 2015"
11/28/2015,"11, 28, 2015"
12/3/2015,"12, 3, 2015"
12/4/2015,"12, 4, 2015"
12/5/2015,"12, 5, 2015"
12/7/2015,"12, 7, 2015"
12/8/2015,"12, 8, 2015"
12/9/2015,"12, 9, 2015"
12/11/2015,"12, 11, 2015"
12/12/2015,"12, 12, 2015"
12/12/2015,"12, 12, 2015"
12/13/2015,"12, 13, 2015"
12/14/2015,"12, 14, 2015"
12/19/2015,"12, 19, 2015"
12/20/2015,"12, 20, 2015"
12/21/2015,"12, 21, 2015"
12/26/2015,"12, 26, 2015"
12/27/2015,"12, 27, 2015"
12/29/2015,"12, 29, 2015"
1/2/2016,"1, 2, 2016"
1/5/2016,"1, 5, 2016"
1/7/2016,"1, 7, 2016"
1/8/2016,"1, 8, 2016"
1/10/2016,"1, 10, 2016"
1/11/2016,"1, 11, 2016"
1/15/2016,"1, 15, 2016"
1/16/2016,"1, 16, 2016"
1/17/2016,"1, 17, 2016"
1/18/2016,"1, 18, 2016"
1/19/2016,"1, 19, 2016"
1/20/2016,"1, 20, 2016"
1/23/2016,"1, 23, 2016"
1/25/2016,"1, 25, 2016"
1/26/2016,"1, 26, 2016"
1/29/2016,"1, 29, 2016"
2/4/2016,"2, 4, 2016"
2/5/2016,"2, 5, 2016"
2/6/2016,"2, 6, 2016"
2/7/2016,"2, 7, 2016"
2/9/2016,"2, 9, 2016"
2/10/2016,"2, 10, 2016"
2/12/2016,"2, 12, 2016"
2/13/2016,"2, 13, 2016"
2/16/2016,"2, 16, 2016"
2/17/2016,"2, 17, 2016"
2/18/2016,"2, 18, 2016"
2/19/2016,"2, 19, 2016"
2/20/2016,"2, 20, 2016"
2/21/2016,"2, 21, 2016"
2/22/2016,"2, 22, 2016"
2/25/2016,"2, 25, 2016"
2/26/2016,"2, 26, 2016"
2/27/2016,"2, 27, 2016"
2/28/2016,"2, 28, 2016"
3/1/2016,"3, 1, 2016"
3/2/2016,"3, 2, 2016"
3/4/2016,"3, 4, 2016"
3/5/2016,"3, 5, 2016"
3/6/2016,"3, 6, 2016"
3/8/2016,"3, 8, 2016"
3/10/2016,"3, 10, 2016"
3/11/2016,"3, 11, 2016"
3/12/2016,"3, 12, 2016"
3/13/2016,"3, 13, 2016"
3/14/2016,"3, 14, 2016"
3/18/2016,"3, 18, 2016"
3/19/2016,"3, 19, 2016"
3/21/2016,"3, 21, 2016"
3/22/2016,"3, 22, 2016"
3/24/2016,"3, 24, 2016"
3/26/2016,"3, 26, 2016"
3/27/2016,"3, 27, 2016"
3/28/2016,"3, 28, 2016"
3/31/2016,"3, 31, 2016"
4/1/2016,"4, 1, 2016"
4/2/2016,"4, 2, 2016"
4/3/2016,"4, 3, 2016"
4/4/2016,"4, 4, 2016"
4/5/2016,"4, 5, 2016"
4/8/2016,"4, 8, 2016"
4/9/2016,"4, 9, 2016"
4/10/2016,"4, 10, 2016"
4/11/2016,"4, 11, 2016"
4/13/2016,"4, 13, 2016"
4/14/2016,"4, 14, 2016"
4/15/2016,"4, 15, 2016"
4/16/2016,"4, 16, 2016"
4/17/2016,"4, 17, 2016"
4/18/2016,"4, 18, 2016"
4/20/2016,"4, 20, 2016"
4/22/2016,"4, 22, 2016"
4/23/2016,"4, 23, 2016"
4/24/2016,"4, 24, 2016"
4/27/2016,"4, 27, 2016"
4/28/2016,"4, 28, 2016"
4/29/2016,"4, 29, 2016"
4/30/2016,"4, 30, 2016"
5/1/2016,"5, 1, 2016"
5/4/2016,"5, 4, 2016"
5/5/2016,"5, 5, 2016"
5/6/2016,"5, 6, 2016"
5/7/2016,"5, 7, 2016"
5/8/2016,"5, 8, 2016"
5/11/2016,"5, 11, 2016"
5/12/2016,"5, 12, 2016"
5/13/2016,"5, 13, 2016"
5/14/2016,"5, 14, 2016"
5/15/2016,"5, 15, 2016"
5/16/2016,"5, 16, 2016"
5/18/2016,"5, 18, 2016"
5/19/2016,"5, 19, 2016"
5/21/2016,"5, 21, 2016"
5/23/2016,"5, 23, 2016"
5/25/2016,"5, 25, 2016"
5/26/2016,"5, 26, 2016"
5/27/2016,"5, 27, 2016"
5/28/2016,"5, 28, 2016"
5/29/2016,"5, 29, 2016"
5/30/2016,"5, 30, 2016"
5/31/2016,"5, 31, 2016"
6/1/2016,"6, 1, 2016"
6/4/2016,"6, 4, 2016"
6/5/2016,"6, 5, 2016"
6/9/2016,"6, 9, 2016"
6/10/2016,"6, 10, 2016"
6/11/2016,"6, 11, 2016"
6/12/2016,"6, 12, 2016"
6/13/2016,"6, 13, 2016"
6/14/2016,"6, 14, 2016"
6/17/2016,"6, 17, 2016"
6/18/2016,"6, 18, 2016"
6/22/2016,"6, 22, 2016"
6/23/2016,"6, 23, 2016"
6/24/2016,"6, 24, 2016"
6/26/2016,"6, 26, 2016"
6/27/2016,"6, 27, 2016"
6/28/2016,"6, 28, 2016"
6/29/2016,"6, 29, 2016"
7/2/2016,"7, 2, 2016"
7/4/2016,"7, 4, 2016"
7/5/2016,"7, 5, 2016"
7/6/2016,"7, 6, 2016"
7/7/2016,"7, 7, 2016"
7/8/2016,"7, 8, 2016"
7/10/2016,"7, 10, 2016"
7/13/2016,"7, 13, 2016"
7/15/2016,"7, 15, 2016"
7/17/2016,"7, 17, 2016"
7/18/2016,"7, 18, 2016"
7/21/2016,"7, 21, 2016"
7/22/2016,"7, 22, 2016"
7/23/2016,"7, 23, 2016"
7/24/2016,"7, 24, 2016"
7/27/2016,"7, 27, 2016"
7/28/2016,"7, 28, 2016"
7/29/2016,"7, 29, 2016"
7/30/2016,"7, 30, 2016"
7/31/2016,"7, 31, 2016"
8/1/2016,"8, 1, 2016"
8/2/2016,"8, 2, 2016"
8/5/2016,"8, 5, 2016"
8/6/2016,"8, 6, 2016"
8/7/2016,"8, 7, 2016"
8/11/2016,"8, 11, 2016"
8/12/2016,"8, 12, 2016"
8/13/2016,"8, 13, 2016"
8/15/2016,"8, 15, 2016"
8/16/2016,"8, 16, 2016"
8/17/2016,"8, 17, 2016"
8/18/2016,"8, 18, 2016"
8/19/2016,"8, 19, 2016"
8/20/2016,"8, 20, 2016"
8/21/2016,"8, 21, 2016"
8/22/2016,"8, 22, 2016"
8/24/2016,"8, 24, 2016"
8/26/2016,"8, 26, 2016"
8/27/2016,"8, 27, 2016"
8/28/2016,"8, 28, 2016"
8/29/2016,"8, 29, 2016"
9/5/2016,"9, 5, 2016"
9/6/2016,"9, 6, 2016"
9/8/2016,"9, 8, 2016"
9/9/2016,"9, 9, 2016"
9/10/2016,"9, 10, 2016"
9/11/2016,"9, 11, 2016"
9/12/2016,"9, 12, 2016"
9/16/2016,"9, 16, 2016"
9/17/2016,"9, 17, 2016"
9/18/2016,"9, 18, 2016"
9/19/2016,"9, 19, 2016"
9/21/2016,"9, 21, 2016"
9/23/2016,"9, 23, 2016"
9/24/2016,"9, 24, 2016"
9/27/2016,"9, 27, 2016"
9/28/2016,"9, 28, 2016"
9/29/2016,"9, 29, 2016"
9/30/2016,"9, 30, 2016"
10/1/2016,"10, 1, 2016"
10/2/2016,"10, 2, 2016"
10/4/2016,"10, 4, 2016"
10/6/2016,"10, 6, 2016"
10/7/2016,"10, 7, 2016"
10/8/2016,"10, 8, 2016"
10/9/2016,"10, 9, 2016"
10/12/2016,"10, 12, 2016"
10/13/2016,"10, 13, 2016"
10/14/2016,"10, 14, 2016"
10/15/2016,"10, 15, 2016"
10/18/2016,"10, 18, 2016"
10/20/2016,"10, 20, 2016"
10/22/2016,"10, 22, 2016"
10/23/2016,"10, 23, 2016"
10/24/2016,"10, 24, 2016"
10/26/2016,"10, 26, 2016"
10/28/2016,"10, 28, 2016"
10/29/2016,"10, 29, 2016"
10/30/2016,"10, 30, 2016"
11/3/2016,"11, 3, 2016"
11/4/2016,"11, 4, 2016"
11/5/2016,"11, 5, 2016"
11/6/2016,"11, 6, 2016"
11/7/2016,"11, 7, 2016"
11/9/2016,"11, 9, 2016"
11/10/2016,"11, 10, 2016"
11/11/2016,"11, 11, 2016"
11/12/2016,"11, 12, 2016"
11/13/2016,"11, 13, 2016"
11/15/2016,"11, 15, 2016"
11/16/2016,"11, 16, 2016"
11/17/2016,"11, 17, 2016"
11/18/2016,"11, 18, 2016"
11/19/2016,"11, 19, 2016"
11/20/2016,"11, 20, 2016"
11/23/2016,"11, 23, 2016"
11/25/2016,"11, 25, 2016"
11/26/2016,"11, 26, 2016"
11/27/2016,"11, 27, 2016"
11/28/2016,"11, 28, 2016"
12/1/2016,"12, 1, 2016"
12/2/2016,"12, 2, 2016"
12/3/2016,"12, 3, 2016"
12/4/2016,"12, 4, 2016"
12/6/2016,"12, 6, 2016"
12/8/2016,"12, 8, 2016"
12/9/2016,"12, 9, 2016"
12/10/2016,"12, 10, 2016"
12/11/2016,"12, 11, 2016"
12/11/2016,"12, 11, 2016"
12/12/2016,"12, 12, 2016"
12/16/2016,"12, 16, 2016"
12/18/2016,"12, 18, 2016"
12/20/2016,"12, 20, 2016"
12/21/2016,"12, 21, 2016"
12/22/2016,"12, 22, 2016"
12/27/2016,"12, 27, 2016"
12/28/2016,"12, 28, 2016"
12/29/2016,"12, 29, 2016"
1/1/2017,"1, 1, 2017"
1/3/2017,"1, 3, 2017"
1/4/2017,"1, 4, 2017"
1/6/2017,"1, 6, 2017"
1/7/2017,"1, 7, 2017"
1/9/2017,"1, 9, 2017"
1/10/2017,"1, 10, 2017"
1/11/2017,"1, 11, 2017"
1/13/2017,"1, 13, 2017"
1/14/2017,"1, 14, 2017"
1/16/2017,"1, 16, 2017"
1/18/2017,"1, 18, 2017"
1/21/2017,"1, 21, 2017"
1/22/2017,"1, 22, 2017"
1/24/2017,"1, 24, 2017"
1/26/2017,"1, 26, 2017"
1/27/2017,"1, 27, 2017"
1/28/2017,"1, 28, 2017"
1/29/2017,"1, 29, 2017"
2/1/2017,"2, 1, 2017"
2/2/2017,"2, 2, 2017"
2/3/2017,"2, 3, 2017"
2/4/2017,"2, 4, 2017"
2/6/2017,"2, 6, 2017"
2/8/2017,"2, 8, 2017"
2/10/2017,"2, 10, 2017"
2/11/2017,"2, 11, 2017"
2/12/2017,"2, 12, 2017"
2/13/2017,"2, 13, 2017"
2/16/2017,"2, 16, 2017"
2/17/2017,"2, 17, 2017"
2/19/2017,"2, 19, 2017"
2/23/2017,"2, 23, 2017"
2/24/2017,"2, 24, 2017"
2/25/2017,"2, 25, 2017"
2/27/2017,"2, 27, 2017"
3/1/2017,"3, 1, 2017"
3/3/2017,"3, 3, 2017"
3/4/2017,"3, 4, 2017"
3/5/2017,"3, 5, 2017"
3/8/2017,"3, 8, 2017"
3/10/2017,"3, 10, 2017"
3/11/2017,"3, 11, 2017"
3/13/2017,"3, 13, 2017"
3/15/2017,"3, 15, 2017"
3/17/2017,"3, 17, 2017"
3/18/2017,"3, 18, 2017"
3/19/2017,"3, 19, 2017"
3/21/2017,"3, 21, 2017"
3/24/2017,"3, 24, 2017"
3/25/2017,"3, 25, 2017"
3/26/2017,"3, 26, 2017"
3/29/2017,"3, 29, 2017"
3/30/2017,"3, 30, 2017"
4/1/2017,"4, 1, 2017"
4/2/2017,"4, 2, 2017"
4/6/2017,"4, 6, 2017"
4/7/2017,"4, 7, 2017"
4/8/2017,"4, 8, 2017"
4/9/2017,"4, 9, 2017"
4/11/2017,"4, 11, 2017"
4/13/2017,"4, 13, 2017"
4/14/2017,"4, 14, 2017"
4/15/2017,"4, 15, 2017"
4/18/2017,"4, 18, 2017"
4/19/2017,"4, 19, 2017"
4/21/2017,"4, 21, 2017"
4/22/2017,"4, 22, 2017"
4/25/2017,"4, 25, 2017"
4/27/2017,"4, 27, 2017"
4/28/2017,"4, 28, 2017"
4/30/2017,"4, 30, 2017"
5/1/2017,"5, 1, 2017"
5/4/2017,"5, 4, 2017"
5/5/2017,"5, 5, 2017"
5/6/2017,"5, 6, 2017"
5/7/2017,"5, 7, 2017"
5/10/2017,"5, 10, 2017"
5/12/2017,"5, 12, 2017"
5/13/2017,"5, 13, 2017"
5/15/2017,"5, 15, 2017"
5/18/2017,"5, 18, 2017"
5/19/2017,"5, 19, 2017"
5/20/2017,"5, 20, 2017"
5/21/2017,"5, 21, 2017"
5/25/2017,"5, 25, 2017"
5/26/2017,"5, 26, 2017"
5/27/2017,"5, 27, 2017"
5/28/2017,"5, 28, 2017"
5/29/2017,"5, 29, 2017"
5/31/2017,"5, 31, 2017"
6/2/2017,"6, 2, 2017"
6/3/2017,"6, 3, 2017"
6/4/2017,"6, 4, 2017"
6/8/2017,"6, 8, 2017"
6/9/2017,"6, 9, 2017"
6/10/2017,"6, 10, 2017"
6/13/2017,"6, 13, 2017"
6/15/2017,"6, 15, 2017"
6/17/2017,"6, 17, 2017"
6/18/2017,"6, 18, 2017"
6/20/2017,"6, 20, 2017"
6/22/2017,"6, 22, 2017"
6/23/2017,"6, 23, 2017"
6/24/2017,"6, 24, 2017"
6/27/2017,"6, 27, 2017"
6/28/2017,"6, 28, 2017"
6/30/2017,"6, 30, 2017"
7/1/2017,"7, 1, 2017"
7/3/2017,"7, 3, 2017"
7/5/2017,"7, 5, 2017"
7/6/2017,"7, 6, 2017"
7/7/2017,"7, 7, 2017"
7/8/2017,"7, 8, 2017"
7/11/2017,"7, 11, 2017"
7/12/2017,"7, 12, 2017"
7/14/2017,"7, 14, 2017"
7/18/2017,"7, 18, 2017"
7/19/2017,"7, 19, 2017"
7/20/2017,"7, 20, 2017"
7/22/2017,"7, 22, 2017"
7/23/2017,"7, 23, 2017"
7/25/2017,"7, 25, 2017"
7/26/2017,"7, 26, 2017"
7/28/2017,"7, 28, 2017"
7/30/2017,"7, 30, 2017"
8/1/2017,"8, 1, 2017"
8/3/2017,"8, 3, 2017"
8/4/2017,"8, 4, 2017"
8/5/2017,"8, 5, 2017"
8/8/2017,"8, 8, 2017"
8/9/2017,"8, 9, 2017"
8/10/2017,"8, 10, 2017"
8/11/2017,"8, 11, 2017"
8/12/2017,"8, 12, 2017"
8/13/2017,"8, 13, 2017"
8/16/2017,"8, 16, 2017"
8/17/2017,"8, 17, 2017"
8/18/2017,"8, 18, 2017"
8/19/2017,"8, 19, 2017"
8/22/2017,"8, 22, 2017"
8/23/2017,"8, 23, 2017"
8/25/2017,"8, 25, 2017"
8/26/2017,"8, 26, 2017"
8/27/2017,"8, 27, 2017"
8/28/2017,"8, 28, 2017"
8/29/2017,"8, 29, 2017"
9/1/2017,"9, 1, 2017"
9/2/2017,"9, 2, 2017"
9/3/2017,"9, 3, 2017"
9/4/2017,"9, 4, 2017"
9/12/2017,"9, 12, 2017"
9/13/2017,"9, 13, 2017"
9/14/2017,"9, 14, 2017"
9/15/2017,"9, 15, 2017"
9/16/2017,"9, 16, 2017"
9/17/2017,"9, 17, 2017"
9/20/2017,"9, 20, 2017"
9/21/2017,"9, 21, 2017"
9/22/2017,"9, 22, 2017"
9/23/2017,"9, 23, 2017"
9/24/2017,"9, 24, 2017"
9/25/2017,"9, 25, 2017"
9/27/2017,"9, 27, 2017"
9/28/2017,"9, 28, 2017"
9/29/2017,"9, 29, 2017"
9/30/2017,"9, 30, 2017"
10/1/2017,"10, 1, 2017"
10/2/2017,"10, 2, 2017"
10/5/2017,"10, 5, 2017"
10/6/2017,"10, 6, 2017"
10/7/2017,"10, 7, 2017"
10/9/2017,"10, 9, 2017"
10/11/2017,"10, 11, 2017"
10/13/2017,"10, 13, 2017"
10/14/2017,"10, 14, 2017"
10/15/2017,"10, 15, 2017"
10/17/2017,"10, 17, 2017"
10/19/2017,"10, 19, 2017"
10/20/2017,"10, 20, 2017"
10/21/2017,"10, 21, 2017"
10/22/2017,"10, 22, 2017"
10/23/2017,"10, 23, 2017"
10/25/2017,"10, 25, 2017"
10/26/2017,"10, 26, 2017"
10/27/2017,"10, 27, 2017"
10/28/2017,"10, 28, 2017"
10/29/2017,"10, 29, 2017"
10/30/2017,"10, 30, 2017"
11/1/2017,"11, 1, 2017"
11/2/2017,"11, 2, 2017"
11/3/2017,"11, 3, 2017"
11/5/2017,"11, 5, 2017"
11/7/2017,"11, 7, 2017"
11/8/2017,"11, 8, 2017"
11/10/2017,"11, 10, 2017"
11/11/2017,"11, 11, 2017"
11/12/2017,"11, 12, 2017"
11/15/2017,"11, 15, 2017"
11/16/2017,"11, 16, 2017"
11/17/2017,"11, 17, 2017"
11/18/2017,"11, 18, 2017"
11/19/2017,"11, 19, 2017"
11/21/2017,"11, 21, 2017"
11/22/2017,"11, 22, 2017"
11/24/2017,"11, 24, 2017"
11/25/2017,"11, 25, 2017"
11/27/2017,"11, 27, 2017"
11/28/2017,"11, 28, 2017"
11/29/2017,"11, 29, 2017"
12/2/2017,"12, 2, 2017"
12/3/2017,"12, 3, 2017"
12/4/2017,"12, 4, 2017"
12/5/2017,"12, 5, 2017"
12/7/2017,"12, 7, 2017"
12/8/2017,"12, 8, 2017"
12/9/2017,"12, 9, 2017"
12/10/2017,"12, 10, 2017"
12/11/2017,"12, 11, 2017"
12/15/2017,"12, 15, 2017"
12/16/2017,"12, 16, 2017"
12/17/2017,"12, 17, 2017"
12/20/2017,"12, 20, 2017"
12/21/2017,"12, 21, 2017"
12/22/2017,"12, 22, 2017"
12/23/2017,"12, 23, 2017"
12/27/2017,"12, 27, 2017"
12/29/2017,"12, 29, 2017"
12/30/2017,"12, 30, 2017"
1/1/2018,"1, 1, 2018"
1/4/2018,"1, 4, 2018"
1/5/2018,"1, 5, 2018"
1/6/2018,"1, 6, 2018"
1/7/2018,"1, 7, 2018"
1/8/2018,"1, 8, 2018"
1/11/2018,"1, 11, 2018"
1/12/2018,"1, 12, 2018"
1/14/2018,"1, 14, 2018"
1/16/2018,"1, 16, 2018"
1/18/2018,"1, 18, 2018"
1/19/2018,"1, 19, 2018"
1/20/2018,"1, 20, 2018"
1/21/2018,"1, 21, 2018"
1/23/2018,"1, 23, 2018"
1/23/2018,"1, 23, 2018"
1/25/2018,"1, 25, 2018"
1/26/2018,"1, 26, 2018"
1/27/2018,"1, 27, 2018"
1/28/2018,"1, 28, 2018"
1/30/2018,"1, 30, 2018"
1/31/2018,"1, 31, 2018"
2/2/2018,"2, 2, 2018"
2/3/2018,"2, 3, 2018"
2/4/2018,"2, 4, 2018"
2/6/2018,"2, 6, 2018"
2/7/2018,"2, 7, 2018"
2/9/2018,"2, 9, 2018"
2/10/2018,"2, 10, 2018"
2/11/2018,"2, 11, 2018"
2/12/2018,"2, 12, 2018"
2/14/2018,"2, 14, 2018"
2/16/2018,"2, 16, 2018"
2/17/2018,"2, 17, 2018"
2/18/2018,"2, 18, 2018"
2/21/2018,"2, 21, 2018"
2/22/2018,"2, 22, 2018"
2/23/2018,"2, 23, 2018"
2/24/2018,"2, 24, 2018"
2/25/2018,"2, 25, 2018"
2/28/2018,"2, 28, 2018"
3/1/2018,"3, 1, 2018"
3/2/2018,"3, 2, 2018"
3/3/2018,"3, 3, 2018"
3/4/2018,"3, 4, 2018"
3/5/2018,"3, 5, 2018"
3/6/2018,"3, 6, 2018"
3/9/2018,"3, 9, 2018"
3/10/2018,"3, 10, 2018"
3/11/2018,"3, 11, 2018"
3/14/2018,"3, 14, 2018"
3/15/2018,"3, 15, 2018"
3/16/2018,"3, 16, 2018"
3/17/2018,"3, 17, 2018"
3/18/2018,"3, 18, 2018"
3/19/2018,"3, 19, 2018"
3/20/2018,"3, 20, 2018"
3/22/2018,"3, 22, 2018"
3/23/2018,"3, 23, 2018"
3/24/2018,"3, 24, 2018"
3/25/2018,"3, 25, 2018"
3/26/2018,"3, 26, 2018"
3/27/2018,"3, 27, 2018"
3/29/2018,"3, 29, 2018"
3/31/2018,"3, 31, 2018"
4/1/2018,"4, 1, 2018"
4/2/2018,"4, 2, 2018"
4/4/2018,"4, 4, 2018"
4/6/2018,"4, 6, 2018"
4/7/2018,"4, 7, 2018"
4/8/2018,"4, 8, 2018"
4/9/2018,"4, 9, 2018"
4/10/2018,"4, 10, 2018"
4/12/2018,"4, 12, 2018"
4/13/2018,"4, 13, 2018"
4/14/2018,"4, 14, 2018"
4/16/2018,"4, 16, 2018"
4/18/2018,"4, 18, 2018"
4/19/2018,"4, 19, 2018"
4/20/2018,"4, 20, 2018"
4/21/2018,"4, 21, 2018"
4/22/2018,"4, 22, 2018"
4/23/2018,"4, 23, 2018"
4/24/2018,"4, 24, 2018"
4/25/2018,"4, 25, 2018"
4/27/2018,"4, 27, 2018"
4/28/2018,"4, 28, 2018"
4/29/2018,"4, 29, 2018"
5/2/2018,"5, 2, 2018"
5/3/2018,"5, 3, 2018"
5/4/2018,"5, 4, 2018"
5/5/2018,"5, 5, 2018"
5/6/2018,"5, 6, 2018"
5/7/2018,"5, 7, 2018"
5/9/2018,"5, 9, 2018"
5/11/2018,"5, 11, 2018"
5/12/2018,"5, 12, 2018"
5/13/2018,"5, 13, 2018"
5/14/2018,"5, 14, 2018"
5/17/2018,"5, 17, 2018"
5/18/2018,"5, 18, 2018"
5/19/2018,"5, 19, 2018"
5/20/2018,"5, 20, 2018"
5/23/2018,"5, 23, 2018"
5/25/2018,"5, 25, 2018"
5/27/2018,"5, 27, 2018"
5/29/2018,"5, 29, 2018"
6/1/2018,"6, 1, 2018"
6/2/2018,"6, 2, 2018"
6/4/2018,"6, 4, 2018"
6/6/2018,"6, 6, 2018"
6/7/2018,"6, 7, 2018"
6/8/2018,"6, 8, 2018"
6/9/2018,"6, 9, 2018"
6/10/2018,"6, 10, 2018"
6/11/2018,"6, 11, 2018"
6/15/2018,"6, 15, 2018"
6/16/2018,"6, 16, 2018"
6/17/2018,"6, 17, 2018"
6/18/2018,"6, 18, 2018"
6/20/2018,"6, 20, 2018"
6/22/2018,"6, 22, 2018"
6/23/2018,"6, 23, 2018"
6/24/2018,"6, 24, 2018"
6/27/2018,"6, 27, 2018"
6/28/2018,"6, 28, 2018"
6/29/2018,"6, 29, 2018"
7/3/2018,"7, 3, 2018"
7/4/2018,"7, 4, 2018"
7/5/2018,"7, 5, 2018"
7/6/2018,"7, 6, 2018"
7/7/2018,"7, 7, 2018"
7/8/2018,"7, 8, 2018"
7/9/2018,"7, 9, 2018"
7/11/2018,"7, 11, 2018"
7/13/2018,"7, 13, 2018"
7/14/2018,"7, 14, 2018"
7/15/2018,"7, 15, 2018"
7/17/2018,"7, 17, 2018"
7/19/2018,"7, 19, 2018"
7/20/2018,"7, 20, 2018"
7/21/2018,"7, 21, 2018"
7/25/2018,"7, 25, 2018"
7/26/2018,"7, 26, 2018"
7/27/2018,"7, 27, 2018"
7/28/2018,"7, 28, 2018"
7/29/2018,"7, 29, 2018"
7/30/2018,"7, 30, 2018"
7/31/2018,"7, 31, 2018"
8/1/2018,"8, 1, 2018"
8/4/2018,"8, 4, 2018"
8/5/2018,"8, 5, 2018"
8/8/2018,"8, 8, 2018"
8/10/2018,"8, 10, 2018"
8/11/2018,"8, 11, 2018"
8/12/2018,"8, 12, 2018"
8/13/2018,"8, 13, 2018"
8/15/2018,"8, 15, 2018"
8/17/2018,"8, 17, 2018"
8/19/2018,"8, 19, 2018"
8/22/2018,"8, 22, 2018"
8/23/2018,"8, 23, 2018"
8/24/2018,"8, 24, 2018"
8/26/2018,"8, 26, 2018"
8/28/2018,"8, 28, 2018"
8/30/2018,"8, 30, 2018"
9/1/2018,"9, 1, 2018"
9/2/2018,"9, 2, 2018"
9/3/2018,"9, 3, 2018"
9/5/2018,"9, 5, 2018"
9/7/2018,"9, 7, 2018"
9/8/2018,"9, 8, 2018"
9/9/2018,"9, 9, 2018"
9/10/2018,"9, 10, 2018"
9/11/2018,"9, 11, 2018"
9/12/2018,"9, 12, 2018"
9/13/2018,"9, 13, 2018"
9/14/2018,"9, 14, 2018"
9/15/2018,"9, 15, 2018"
9/16/2018,"9, 16, 2018"
9/20/2018,"9, 20, 2018"
9/21/2018,"9, 21, 2018"
9/22/2018,"9, 22, 2018"
9/23/2018,"9, 23, 2018"
9/25/2018,"9, 25, 2018"
9/27/2018,"9, 27, 2018"
9/28/2018,"9, 28, 2018"
9/30/2018,"9, 30, 2018"
10/3/2018,"10, 3, 2018"
10/5/2018,"10, 5, 2018"
10/6/2018,"10, 6, 2018"
10/7/2018,"10, 7, 2018"
10/9/2018,"10, 9, 2018"
10/10/2018,"10, 10, 2018"
10/12/2018,"10, 12, 2018"
10/13/2018,"10, 13, 2018"
10/14/2018,"10, 14, 2018"
10/16/2018,"10, 16, 2018"
10/17/2018,"10, 17, 2018"
10/18/2018,"10, 18, 2018"
10/19/2018,"10, 19, 2018"
10/20/2018,"10, 20, 2018"
10/24/2018,"10, 24, 2018"
10/25/2018,"10, 25, 2018"
10/26/2018,"10, 26, 2018"
10/27/2018,"10, 27, 2018"
10/30/2018,"10, 30, 2018"
11/3/2018,"11, 3, 2018"
11/4/2018,"11, 4, 2018"
11/6/2018,"11, 6, 2018"
11/7/2018,"11, 7, 2018"
11/8/2018,"11, 8, 2018"
11/9/2018,"11, 9, 2018"
11/10/2018,"11, 10, 2018"
11/13/2018,"11, 13, 2018"
11/14/2018,"11, 14, 2018"
11/16/2018,"11, 16, 2018"
11/18/2018,"11, 18, 2018"
11/19/2018,"11, 19, 2018"
11/23/2018,"11, 23, 2018"
11/24/2018,"11, 24, 2018"
11/25/2018,"11, 25, 2018"
11/27/2018,"11, 27, 2018"
11/28/2018,"11, 28, 2018"
11/29/2018,"11, 29, 2018"
11/30/2018,"11, 30, 2018"
12/3/2018,"12, 3, 2018"
12/6/2018,"12, 6, 2018"
12/7/2018,"12, 7, 2018"
12/8/2018,"12, 8, 2018"
12/10/2018,"12, 10, 2018"
12/11/2018,"12, 11, 2018"
12/12/2018,"12, 12, 2018"
12/13/2018,"12, 13, 2018"
12/15/2018,"12, 15, 2018"
12/21/2018,"12, 21, 2018"
12/22/2018,"12, 22, 2018"
12/26/2018,"12, 26, 2018"
12/27/2018,"12, 27, 2018"
12/28/2018,"12, 28, 2018"
1/3/2019,"1, 3, 2019"
1/4/2019,"1, 4, 2019"
1/9/2019,"1, 9, 2019"
1/10/2019,"1, 10, 2019"
1/11/2019,"1, 11, 2019"
1/12/2019,"1, 12, 2019"
1/13/2019,"1, 13, 2019"
1/14/2019,"1, 14, 2019"
1/15/2019,"1, 15, 2019"
1/16/2019,"1, 16, 2019"
1/18/2019,"1, 18, 2019"
1/20/2019,"1, 20, 2019"
1/23/2019,"1, 23, 2019"
1/24/2019,"1, 24, 2019"
1/25/2019,"1, 25, 2019"
1/26/2019,"1, 26, 2019"
1/27/2019,"1, 27, 2019"
1/30/2019,"1, 30, 2019"
1/31/2019,"1, 31, 2019"
2/1/2019,"2, 1, 2019"
2/3/2019,"2, 3, 2019"
2/6/2019,"2, 6, 2019"
2/7/2019,"2, 7, 2019"
2/8/2019,"2, 8, 2019"
2/9/2019,"2, 9, 2019"
2/11/2019,"2, 11, 2019"
2/12/2019,"2, 12, 2019"
2/14/2019,"2, 14, 2019"
2/15/2019,"2, 15, 2019"
2/16/2019,"2, 16, 2019"
2/18/2019,"2, 18, 2019"
2/20/2019,"2, 20, 2019"
2/21/2019,"2, 21, 2019"
2/22/2019,"2, 22, 2019"
2/23/2019,"2, 23, 2019"
2/27/2019,"2, 27, 2019"
2/28/2019,"2, 28, 2019"
3/1/2019,"3, 1, 2019"
3/2/2019,"3, 2, 2019"
3/3/2019,"3, 3, 2019"
3/6/2019,"3, 6, 2019"
3/7/2019,"3, 7, 2019"
3/8/2019,"3, 8, 2019"
3/9/2019,"3, 9, 2019"
3/14/2019,"3, 14, 2019"
3/15/2019,"3, 15, 2019"
3/16/2019,"3, 16, 2019"
3/17/2019,"3, 17, 2019"
3/18/2019,"3, 18, 2019"
3/19/2019,"3, 19, 2019"
3/20/2019,"3, 20, 2019"
3/21/2019,"3, 21, 2019"
3/22/2019,"3, 22, 2019"
3/23/2019,"3, 23, 2019"
3/26/2019,"3, 26, 2019"
3/28/2019,"3, 28, 2019"
3/29/2019,"3, 29, 2019"
3/30/2019,"3, 30, 2019"
3/31/2019,"3, 31, 2019"
4/2/2019,"4, 2, 2019"
4/3/2019,"4, 3, 2019"
4/4/2019,"4, 4, 2019"
4/5/2019,"4, 5, 2019"
4/6/2019,"4, 6, 2019"
4/11/2019,"4, 11, 2019"
4/12/2019,"4, 12, 2019"
4/13/2019,"4, 13, 2019"
4/14/2019,"4, 14, 2019"
4/15/2019,"4, 15, 2019"
4/16/2019,"4, 16, 2019"
4/16/2019,"4, 16, 2019"
4/19/2019,"4, 19, 2019"
4/20/2019,"4, 20, 2019"
4/21/2019,"4, 21, 2019"
4/23/2019,"4, 23, 2019"
4/24/2019,"4, 24, 2019"
4/25/2019,"4, 25, 2019"
4/26/2019,"4, 26, 2019"
4/28/2019,"4, 28, 2019"
4/29/2019,"4, 29, 2019"
5/1/2019,"5, 1, 2019"
5/2/2019,"5, 2, 2019"
5/3/2019,"5, 3, 2019"
5/4/2019,"5, 4, 2019"
5/6/2019,"5, 6, 2019"
5/8/2019,"5, 8, 2019"
5/9/2019,"5, 9, 2019"
5/10/2019,"5, 10, 2019"
5/11/2019,"5, 11, 2019"
5/14/2019,"5, 14, 2019"
5/15/2019,"5, 15, 2019"
5/16/2019,"5, 16, 2019"
5/17/2019,"5, 17, 2019"
5/19/2019,"5, 19, 2019"
5/21/2019,"5, 21, 2019"
5/23/2019,"5, 23, 2019"
5/24/2019,"5, 24, 2019"
5/25/2019,"5, 25, 2019"
5/26/2019,"5, 26, 2019"
5/28/2019,"5, 28, 2019"
5/29/2019,"5, 29, 2019"
5/30/2019,"5, 30, 2019"
5/31/2019,"5, 31, 2019"
6/1/2019,"6, 1, 2019"
6/2/2019,"6, 2, 2019"
6/3/2019,"6, 3, 2019"
6/6/2019,"6, 6, 2019"
6/7/2019,"6, 7, 2019"
6/8/2019,"6, 8, 2019"
6/9/2019,"6, 9, 2019"
6/11/2019,"6, 11, 2019"
6/14/2019,"6, 14, 2019"
6/15/2019,"6, 15, 2019"
6/16/2019,"6, 16, 2019"
6/18/2019,"6, 18, 2019"
6/20/2019,"6, 20, 2019"
6/21/2019,"6, 21, 2019"
6/22/2019,"6, 22, 2019"
6/23/2019,"6, 23, 2019"
6/24/2019,"6, 24, 2019"
6/25/2019,"6, 25, 2019"
6/26/2019,"6, 26, 2019"
6/28/2019,"6, 28, 2019"
6/29/2019,"6, 29, 2019"
6/30/2019,"6, 30, 2019"
7/2/2019,"7, 2, 2019"
7/4/2019,"7, 4, 2019"
7/5/2019,"7, 5, 2019"
7/6/2019,"7, 6, 2019"
7/9/2019,"7, 9, 2019"
7/10/2019,"7, 10, 2019"
7/11/2019,"7, 11, 2019"
7/12/2019,"7, 12, 2019"
7/13/2019,"7, 13, 2019"
7/14/2019,"7, 14, 2019"
7/16/2019,"7, 16, 2019"
7/18/2019,"7, 18, 2019"
7/19/2019,"7, 19, 2019"
7/20/2019,"7, 20, 2019"
7/21/2019,"7, 21, 2019"
7/24/2019,"7, 24, 2019"
7/25/2019,"7, 25, 2019"
7/26/2019,"7, 26, 2019"
7/27/2019,"7, 27, 2019"
7/29/2019,"7, 29, 2019"
7/31/2019,"7, 31, 2019"
8/2/2019,"8, 2, 2019"
8/3/2019,"8, 3, 2019"
8/6/2019,"8, 6, 2019"
8/8/2019,"8, 8, 2019"
8/9/2019,"8, 9, 2019"
8/10/2019,"8, 10, 2019"
8/11/2019,"8, 11, 2019"
8/14/2019,"8, 14, 2019"
8/15/2019,"8, 15, 2019"
8/16/2019,"8, 16, 2019"
8/17/2019,"8, 17, 2019"
8/18/2019,"8, 18, 2019"
8/19/2019,"8, 19, 2019"
8/20/2019,"8, 20, 2019"
8/23/2019,"8, 23, 2019"
8/24/2019,"8, 24, 2019"
8/25/2019,"8, 25, 2019"
8/27/2019,"8, 27, 2019"
8/28/2019,"8, 28, 2019"
9/2/2019,"9, 2, 2019"
9/3/2019,"9, 3, 2019"
9/4/2019,"9, 4, 2019"
9/7/2019,"9, 7, 2019"
9/9/2019,"9, 9, 2019"
9/10/2019,"9, 10, 2019"
9/12/2019,"9, 12, 2019"
9/13/2019,"9, 13, 2019"
9/14/2019,"9, 14, 2019"
9/15/2019,"9, 15, 2019"
9/17/2019,"9, 17, 2019"
9/21/2019,"9, 21, 2019"
9/22/2019,"9, 22, 2019"
9/23/2019,"9, 23, 2019"
9/25/2019,"9, 25, 2019"
9/27/2019,"9, 27, 2019"
9/29/2019,"9, 29, 2019"
10/2/2019,"10, 2, 2019"
10/3/2019,"10, 3, 2019"
10/4/2019,"10, 4, 2019"
10/4/2019,"10, 4, 2019"
10/5/2019,"10, 5, 2019"
10/6/2019,"10, 6, 2019"
10/8/2019,"10, 8, 2019"
10/10/2019,"10, 10, 2019"
10/11/2019,"10, 11, 2019"
10/12/2019,"10, 12, 2019"
10/13/2019,"10, 13, 2019"
10/17/2019,"10, 17, 2019"
10/18/2019,"10, 18, 2019"
10/19/2019,"10, 19, 2019"
10/20/2019,"10, 20, 2019"
10/24/2019,"10, 24, 2019"
10/25/2019,"10, 25, 2019"
10/26/2019,"10, 26, 2019"
10/29/2019,"10, 29, 2019"
11/1/2019,"11, 1, 2019"
11/2/2019,"11, 2, 2019"
11/6/2019,"11, 6, 2019"
11/8/2019,"11, 8, 2019"
11/9/2019,"11, 9, 2019"
11/10/2019,"11, 10, 2019"
11/11/2019,"11, 11, 2019"
11/12/2019,"11, 12, 2019"
11/13/2019,"11, 13, 2019"
11/14/2019,"11, 14, 2019"
11/15/2019,"11, 15, 2019"
11/16/2019,"11, 16, 2019"
11/18/2019,"11, 18, 2019"
11/21/2019,"11, 21, 2019"
11/22/2019,"11, 22, 2019"
11/23/2019,"11, 23, 2019"
11/24/2019,"11, 24, 2019"
11/25/2019,"11, 25, 2019"
11/27/2019,"11, 27, 2019"
11/29/2019,"11, 29, 2019"
11/30/2019,"11, 30, 2019"
12/1/2019,"12, 1, 2019"
12/5/2019,"12, 5, 2019"
12/6/2019,"12, 6, 2019"
12/8/2019,"12, 8, 2019"
12/13/2019,"12, 13, 2019"
12/14/2019,"12, 14, 2019"
12/15/2019,"12, 15, 2019"
12/20/2019,"12, 20, 2019"
12/21/2019,"12, 21, 2019"
12/29/2019,"12, 29, 2019"
12/31/2019,"12, 31, 2019"
1/4/2020,"1, 4, 2020"
1/5/2020,"1, 5, 2020"
1/8/2020,"1, 8, 2020"
1/9/2020,"1, 9, 2020"
1/10/2020,"1, 10, 2020"
1/11/2020,"1, 11, 2020"
1/12/2020,"1, 12, 2020"
1/15/2020,"1, 15, 2020"
1/16/2020,"1, 16, 2020"
1/17/2020,"1, 17, 2020"
1/18/2020,"1, 18, 2020"
1/21/2020,"1, 21, 2020"
1/24/2020,"1, 24, 2020"
1/25/2020,"1, 25, 2020"
1/26/2020,"1, 26, 2020"
1/27/2020,"1, 27, 2020"
1/28/2020,"1, 28, 2020"
1/31/2020,"1, 31, 2020"
2/1/2020,"2, 1, 2020"
2/2/2020,"2, 2, 2020"
2/8/2020,"2, 8, 2020"
9/24/2021,"9, 24, 2021"
9/25/2021,"9, 25, 2021"
10/9/2021,"10, 9, 2021"
10/15/2021,"10, 15, 2021"
10/16/2021,"10, 16, 2021"
10/22/2021,"10, 22, 2021"
10/23/2021,"10, 23, 2021"
10/29/2021,"10, 29, 2021"
11/5/2021,"11, 5, 2021"
11/10/2021,"11, 10, 2021"
11/13/2021,"11, 13, 2021"
11/19/2021,"11, 19, 2021"
11/20/2021,"11, 20, 2021"
11/24/2021,"11, 24, 2021"
11/27/2021,"11, 27, 2021"
11/28/2021,"11, 28, 2021"
12/3/2021,"12, 3, 2021"
12/4/2021,"12, 4, 2021"
12/11/2021,"12, 11, 2021"
12/12/2021,"12, 12, 2021"
12/16/2021,"12, 16, 2021"
12/17/2021,"12, 17, 2021"
12/28/2021,"12, 28, 2021"
1/2/2022,"1, 2, 2022"
1/2/2022,"1, 2, 2022"
1/7/2022,"1, 7, 2022"
1/9/2022,"1, 9, 2022"
1/15/2022,"1, 15, 2022"
1/21/2022,"1, 21, 2022"
2/5/2022,"2, 5, 2022"
2/12/2022,"2, 12, 2022"
2/17/2022,"2, 17, 2022"
2/26/2022,"2, 26, 2022"
3/2/2022,"3, 2, 2022"
3/5/2022,"3, 5, 2022"
3/7/2022,"3, 7, 2022"
3/12/2022,"3, 12, 2022"
3/20/2022,"3, 20, 2022"
3/21/2022,"3, 21, 2022"
3/23/2022,"3, 23, 2022"
3/28/2022,"3, 28, 2022"
3/30/2022,"3, 30, 2022"
4/4/2022,"4, 4, 2022"
4/4/2022,"4, 4, 2022"
4/9/2022,"4, 9, 2022"
4/10/2022,"4, 10, 2022"
4/12/2022,"4, 12, 2022"
4/16/2022,"4, 16, 2022"
4/23/2022,"4, 23, 2022"
4/28/2022,"4, 28, 2022"
4/29/2022,"4, 29, 2022"
4/30/2022,"4, 30, 2022"
5/3/2022,"5, 3, 2022"
5/6/2022,"5, 6, 2022"
5/7/2022,"5, 7, 2022"
5/10/2022,"5, 10, 2022"
5/11/2022,"5, 11, 2022"
5/12/2022,"5, 12, 2022"
5/13/2022,"5, 13, 2022"
5/14/2022,"5, 14, 2022"
5/17/2022,"5, 17, 2022"
5/20/2022,"5, 20, 2022"
5/26/2022,"5, 26, 2022"
5/27/2022,"5, 27, 2022"
5/28/2022,"5, 28, 2022"
6/3/2022,"6, 3, 2022"
6/4/2022,"6, 4, 2022"
6/7/2022,"6, 7, 2022"
6/10/2022,"6, 10, 2022"
6/11/2022,"6, 11, 2022"
6/12/2022,"6, 12, 2022"
6/16/2022,"6, 16, 2022"
6/19/2022,"6, 19, 2022"
6/21/2022,"6, 21, 2022"
6/24/2022,"6, 24, 2022"
6/25/2022,"6, 25, 2022"
6/29/2022,"6, 29, 2022"
6/30/2022,"6, 30, 2022"
7/1/2022,"7, 1, 2022"
7/7/2022,"7, 7, 2022"
7/13/2022,"7, 13, 2022"
7/15/2022,"7, 15, 2022"
7/19/2022,"7, 19, 2022"
7/20/2022,"7, 20, 2022"
7/26/2022,"7, 26, 2022"
7/27/2022,"7, 27, 2022"
7/28/2022,"7, 28, 2022"
7/28/2022,"7, 28, 2022"
7/29/2022,"7, 29, 2022"
7/30/2022,"7, 30, 2022"
8/2/2022,"8, 2, 2022"
8/5/2022,"8, 5, 2022"
8/11/2022,"8, 11, 2022"
8/12/2022,"8, 12, 2022"
8/13/2022,"8, 13, 2022"
8/16/2022,"8, 16, 2022"
8/17/2022,"8, 17, 2022"
8/18/2022,"8, 18, 2022"
8/20/2022,"8, 20, 2022"
8/21/2022,"8, 21, 2022"
8/22/2022,"8, 22, 2022"
8/26/2022,"8, 26, 2022"
8/27/2022,"8, 27, 2022"
9/3/2022,"9, 3, 2022"
9/4/2022,"9, 4, 2022"
9/7/2022,"9, 7, 2022"
9/8/2022,"9, 8, 2022"
9/10/2022,"9, 10, 2022"
9/11/2022,"9, 11, 2022"
9/13/2022,"9, 13, 2022"
9/14/2022,"9, 14, 2022"
9/23/2022,"9, 23, 2022"
9/24/2022,"9, 24, 2022"
9/30/2022,"9, 30, 2022"
10/3/2022,"10, 3, 2022"
10/6/2022,"10, 6, 2022"
10/14/2022,"10, 14, 2022"
10/15/2022,"10, 15, 2022"
10/16/2022,"10, 16, 2022"
10/18/2022,"10, 18, 2022"
10/20/2022,"10, 20, 2022"
10/22/2022,"10, 22, 2022"
10/26/2022,"10, 26, 2022"
10/28/2022,"10, 28, 2022"
10/29/2022,"10, 29, 2022"
10/31/2022,"10, 31, 2022"
11/2/2022,"11, 2, 2022"
11/3/2022,"11, 3, 2022"
11/4/2022,"11, 4, 2022"
11/5/2022,"11, 5, 2022"
11/9/2022,"11, 9, 2022"
11/10/2022,"11, 10, 2022"
11/11/2022,"11, 11, 2022"
11/12/2022,"11, 12, 2022"
11/15/2022,"11, 15, 2022"
11/16/2022,"11, 16, 2022"
11/29/2022,"11, 29, 2022"
11/30/2022,"11, 30, 2022"
12/10/2022,"12, 10, 2022"
12/30/2022,"12, 30, 2022"
1/2/2023,"1, 2, 2023"
1/7/2023,"1, 7, 2023"
1/8/2023,"1, 8, 2023"
1/12/2023,"1, 12, 2023"
1/14/2023,"1, 14, 2023"
1/22/2023,"1, 22, 2023"
1/27/2023,"1, 27, 2023"
2/6/2023,"2, 6, 2023"
2/10/2023,"2, 10, 2023"
2/11/2023,"2, 11, 2023"
2/17/2023,"2, 17, 2023"
2/18/2023,"2, 18, 2023"
3/3/2023,"3, 3, 2023"
3/6/2023,"3, 6, 2023"
3/8/2023,"3, 8, 2023"
3/10/2023,"3, 10, 2023"
3/11/2023,"3, 11, 2023"
3/14/2023,"3, 14, 2023"
3/17/2023,"3, 17, 2023"
3/19/2023,"3, 19, 2023"
3/20/2023,"3, 20, 2023"
3/22/2023,"3, 22, 2023"
3/24/2023,"3, 24, 2023"
3/25/2023,"3, 25, 2023"
3/30/2023,"3, 30, 2023"
3/31/2023,"3, 31, 2023"
4/1/2023,"4, 1, 2023"
4/2/2023,"4, 2, 2023"
4/3/2023,"4, 3, 2023"
4/4/2023,"4, 4, 2023"
4/9/2023,"4, 9, 2023"
4/12/2023,"4, 12, 2023"
4/14/2023,"4, 14, 2023"
4/15/2023,"4, 15, 2023"
4/19/2023,"4, 19, 2023"
4/21/2023,"4, 21, 2023"
4/22/2023,"4, 22, 2023"
4/24/2023,"4, 24, 2023"
4/25/2023,"4, 25, 2023"
4/26/2023,"4, 26, 2023"
4/28/2023,"4, 28, 2023"
4/29/2023,"4, 29, 2023"
4/30/2023,"4, 30, 2023"
5/5/2023,"5, 5, 2023"
5/6/2023,"5, 6, 2023"
5/7/2023,"5, 7, 2023"
5/9/2023,"5, 9, 2023"
5/10/2023,"5, 10, 2023"
5/12/2023,"5, 12, 2023"
5/13/2023,"5, 13, 2023"
5/18/2023,"5, 18, 2023"
5/19/2023,"5, 19, 2023"
5/23/2023,"5, 23, 2023"
5/24/2023,"5, 24, 2023"
5/25/2023,"5, 25, 2023"
5/28/2023,"5, 28, 2023"
5/29/2023,"5, 29, 2023"
6/1/2023,"6, 1, 2023"
6/3/2023,"6, 3, 2023"
6/7/2023,"6, 7, 2023"
6/8/2023,"6, 8, 2023"
6/10/2023,"6, 10, 2023"
6/11/2023,"6, 11, 2023"
6/16/2023,"6, 16, 2023"
6/17/2023,"6, 17, 2023"
6/18/2023,"6, 18, 2023"
6/23/2023,"6, 23, 2023"
6/24/2023,"6, 24, 2023"
6/25/2023,"6, 25, 2023"
6/26/2023,"6, 26, 2023"
7/1/2023,"7, 1, 2023"
7/2/2023,"7, 2, 2023"
7/3/2023,"7, 3, 2023"
7/6/2023,"7, 6, 2023"
7/9/2023,"7, 9, 2023"
7/12/2023,"7, 12, 2023"
7/13/2023,"7, 13, 2023"
7/14/2023,"7, 14, 2023"
7/15/2023,"7, 15, 2023"
7/16/2023,"7, 16, 2023"
7/17/2023,"7, 17, 2023"
7/19/2023,"7, 19, 2023"
7/20/2023,"7, 20, 2023"
7/21/2023,"7, 21, 2023"
7/22/2023,"7, 22, 2023"
7/23/2023,"7, 23, 2023"
7/24/2023,"7, 24, 2023"
7/28/2023,"7, 28, 2023"
7/29/2023,"7, 29, 2023"
7/30/2023,"7, 30, 2023"
8/1/2023,"8, 1, 2023"
8/3/2023,"8, 3, 2023"
8/4/2023,"8, 4, 2023"
8/7/2023,"8, 7, 2023"
8/10/2023,"8, 10, 2023"
8/11/2023,"8, 11, 2023"
8/12/2023,"8, 12, 2023"
8/13/2023,"8, 13, 2023"
8/15/2023,"8, 15, 2023"
8/16/2023,"8, 16, 2023"
8/18/2023,"8, 18, 2023"
8/20/2023,"8, 20, 2023"
8/22/2023,"8, 22, 2023"
8/26/2023,"8, 26, 2023"
8/27/2023,"8, 27, 2023"
8/30/2023,"8, 30, 2023"
9/2/2023,"9, 2, 2023"
9/5/2023,"9, 5, 2023"
9/6/2023,"9, 6, 2023"
9/8/2023,"9, 8, 2023"
9/9/2023,"9, 9, 2023"
9/11/2023,"9, 11, 2023"
9/18/2023,"9, 18, 2023"
9/22/2023,"9, 22, 2023"
9/22/2023,"9, 22, 2023"
9/23/2023,"9, 23, 2023"
9/24/2023,"9, 24, 2023"
9/27/2023,"9, 27, 2023"
9/29/2023,"9, 29, 2023"
9/30/2023,"9, 30, 2023"
10/4/2023,"10, 4, 2023"
10/6/2023,"10, 6, 2023"
10/8/2023,"10, 8, 2023"
10/19/2023,"10, 19, 2023"
10/20/2023,"10, 20, 2023"
10/21/2023,"10, 21, 2023"
10/24/2023,"10, 24, 2023"
10/27/2023,"10, 27, 2023"
10/28/2023,"10, 28, 2023"
10/31/2023,"10, 31, 2023"
11/2/2023,"11, 2, 2023"
11/3/2023,"11, 3, 2023"
11/4/2023,"11, 4, 2023"
11/5/2023,"11, 5, 2023"
11/8/2023,"11, 8, 2023"
11/9/2023,"11, 9, 2023"
11/11/2023,"11, 11, 2023"
11/14/2023,"11, 14, 2023"
11/16/2023,"11, 16, 2023"
11/18/2023,"11, 18, 2023"
11/20/2023,"11, 20, 2023"
11/22/2023,"11, 22, 2023"
11/29/2023,"11, 29, 2023"
12/1/2023,"12, 1, 2023"
12/2/2023,"12, 2, 2023"
12/3/2023,"12, 3, 2023"
12/6/2023,"12, 6, 2023"
12/11/2023,"12, 11, 2023"
12/30/2023,"12, 30, 2023"
12/31/2023,"12, 31, 2023"
1/7/2024,"1, 7, 2024"
1/19/2024,"1, 19, 2024"
1/20/2024,"1, 20, 2024"
1/21/2024,"1, 21, 2024"
1/26/2024,"1, 26, 2024"
1/28/2024,"1, 28, 2024"
2/2/2024,"2, 2, 2024"
2/4/2024,"2, 4, 2024"
2/9/2024,"2, 9, 2024"
2/10/2024,"2, 10, 2024"
2/13/2024,"2, 13, 2024"
2/13/2024,"2, 13, 2024"
2/16/2024,"2, 16, 2024"
2/23/2024,"2, 23, 2024"
2/24/2024,"2, 24, 2024"
2/27/2024,"2, 27, 2024"
2/28/2024,"2, 28, 2024"
3/3/2024,"3, 3, 2024"
3/8/2024,"3, 8, 2024"
3/9/2024,"3, 9, 2024"
3/10/2024,"3, 10, 2024"
3/15/2024,"3, 15, 2024"
3/16/2024,"3, 16, 2024"
3/21/2024,"3, 21, 2024"
3/22/2024,"3, 22, 2024"
3/23/2024,"3, 23, 2024"
3/28/2024,"3, 28, 2024"
3/29/2024,"3, 29, 2024"
3/30/2024,"3, 30, 2024"
3/31/2024,"3, 31, 2024"
4/5/2024,"4, 5, 2024"
4/5/2024,"4, 5, 2024"
4/6/2024,"4, 6, 2024"
4/12/2024,"4, 12, 2024"
4/14/2024,"4, 14, 2024"
4/15/2024,"4, 15, 2024"
4/19/2024,"4, 19, 2024"
4/23/2024,"4, 23, 2024"
4/25/2024,"4, 25, 2024"
4/26/2024,"4, 26, 2024"
4/27/2024,"4, 27, 2024"
4/28/2024,"4, 28, 2024"
4/29/2024,"4, 29, 2024"
4/30/2024,"4, 30, 2024"
5/2/2024,"5, 2, 2024"
5/4/2024,"5, 4, 2024"
5/6/2024,"5, 6, 2024"
5/10/2024,"5, 10, 2024"
5/11/2024,"5, 11, 2024"
5/14/2024,"5, 14, 2024"
5/15/2024,"5, 15, 2024"
5/16/2024,"5, 16, 2024"
5/17/2024,"5, 17, 2024"
5/18/2024,"5, 18, 2024"
5/22/2024,"5, 22, 2024"
5/24/2024,"5, 24, 2024"
5/26/2024,"5, 26, 2024"
5/27/2024,"5, 27, 2024"
5/29/2024,"5, 29, 2024"
5/31/2024,"5, 31, 2024"
6/1/2024,"6, 1, 2024"
6/4/2024,"6, 4, 2024"
6/6/2024,"6, 6, 2024"
6/8/2024,"6, 8, 2024"
6/9/2024,"6, 9, 2024"
6/14/2024,"6, 14, 2024"
6/14/2024,"6, 14, 2024"
6/15/2024,"6, 15, 2024"
6/21/2024,"6, 21, 2024"
6/22/2024,"6, 22, 2024"
6/27/2024,"6, 27, 2024"
6/29/2024,"6, 29, 2024"
7/2/2024,"7, 2, 2024"
7/3/2024,"7, 3, 2024"
7/4/2024,"7, 4, 2024"
7/6/2024,"7, 6, 2024"
7/7/2024,"7, 7, 2024"
7/9/2024,"7, 9, 2024"
7/11/2024,"7, 11, 2024"
7/19/2024,"7, 19, 2024"
7/21/2024,"7, 21, 2024"
7/24/2024,"7, 24, 2024"
7/26/2024,"7, 26, 2024"
7/27/2024,"7, 27, 2024"
7/28/2024,"7, 28, 2024"
7/31/2024,"7, 31, 2024"
8/2/2024,"8, 2, 2024"
8/3/2024,"8, 3, 2024"
8/5/2024,"8, 5, 2024"
8/6/2024,"8, 6, 2024"
8/9/2024,"8, 9, 2024"
8/10/2024,"8, 10, 2024"
8/15/2024,"8, 15, 2024"
8/16/2024,"8, 16, 2024"
8/17/2024,"8, 17, 2024"
8/23/2024,"8, 23, 2024"
8/24/2024,"8, 24, 2024"
8/25/2024,"8, 25, 2024"
8/26/2024,"8, 26, 2024"
8/27/2024,"8, 27, 2024"
8/30/2024,"8, 30, 2024"
9/1/2024,"9, 1, 2024"
9/3/2024,"9, 3, 2024"
9/6/2024,"9, 6, 2024"
9/7/2024,"9, 7, 2024"
9/8/2024,"9, 8, 2024"
9/13/2024,"9, 13, 2024"
9/15/2024,"9, 15, 2024"
9/21/2024,"9, 21, 2024"
9/23/2024,"9, 23, 2024"
9/24/2024,"9, 24, 2024"
9/26/2024,"9, 26, 2024"
9/27/2024,"9, 27, 2024"
9/29/2024,"9, 29, 2024"
9/30/2024,"9, 30, 2024"
10/1/2024,"10, 1, 2024"
10/3/2024,"10, 3, 2024"
10/4/2024,"10, 4, 2024"
10/5/2024,"10, 5, 2024"
10/10/2024,"10, 10, 2024"
10/12/2024,"10, 12, 2024"
10/13/2024,"10, 13, 2024"
10/15/2024,"10, 15, 2024"
10/19/2024,"10, 19, 2024"
10/20/2024,"10, 20, 2024"
10/23/2024,"10, 23, 2024"
10/25/2024,"10, 25, 2024"
10/26/2024,"10, 26, 2024"
10/27/2024,"10, 27, 2024"
10/31/2024,"10, 31, 2024"
11/4/2024,"11, 4, 2024"
11/10/2024,"11, 10, 2024"
11/13/2024,"11, 13, 2024"
11/15/2024,"11, 15, 2024"
11/16/2024,"11, 16, 2024"
11/20/2024,"11, 20, 2024"
11/22/2024,"11, 22, 2024"
11/23/2024,"11, 23, 2024"
11/24/2024,"fan club, the nervous, undisassembled, thong, tism"
12/13/2024,craft night
12/20/2024,"Polish, no guard, direct threat"
12/31/2024,"Destiny bond, juice box, the clue, dry ice, knife kink"
1/5/2025,Stitch n bitch craft night
1/10/2025,"Harvested, Cronos Compulsion, Falu Red, Epileptic Avulsions, Vitriolic Withering"
1/11/2025,"Plasma Canvas, Noogy, Team Nonexistent, Fear of Satori, Cop Killer"
1/16/2025,"Vultures, Denver Dissent, RadioFry, 11th Hour"
1/17/2025,"Cologne, Vitrify, Cavernous"
1/24/2025,"Katie Overbey, Butterfly Kisses, Silver Tongue Son, Emma Martin"
1/30/2025,"Breathing Teqchniques, Flowerhead, Skiimo, Team Nonexistent"
2/1/2025,"Mortudaem, Daisy, Pitchfork, Hugo, Marianna Soup"
2/2/2025,stitch n bitch craft night
2/5/2025,"Sister wife sex strike, doomscroll, onion girl, Joy is resistance"
2/7/2025,"SWAG, Crash Poodle, Datura, TISM"
2/9/2025,Palentine’s Kiki & Crafts fund raiser for Palestine
2/14/2025,"[SALT], Pseudocrush, RadioFry, The Disposable Icons"
2/15/2025,"Smear Campaign, Polish, Pig Splitter, RVBOMB, Tism, Yapper"
2/17/2025,"Dose, Wide Man, Flak, Cop Killer"
2/19/2025,"Oolong, finalbossfight, semifiction, strung short"
2/21/2025,"The Carrion Crawlers, 11th Hour, Rat Napkins"
2/24/2025,"TimeXHeist, Firestarter, Undissassembled, Thong"
2/28/2025,"Victim of Fire, AMOD, Onethousandangelsandseven, manhole, datura"
3/1/2025,"Moon Pussy, Chair Bomb, Zenith, Mullholland"
3/3/2025,stitch n bitch craft night
3/7/2025,"surprise soup, scorplings, slug city"
3/8/2025,"Cologne, Mortudaem, Now if Ever, Toe 2 Tow"
3/8/2025,"Incendiary, Ignorant Bliss"
3/9/2025,"Writheinfear, crypts of Golotha, Contorted Self, Accustomed to Suffering"
3/13/2025,"Gaunt, SWAG, Amod, GUNK!, Crash Poodle, Dogmon"
3/14/2025,"Butterfly Kisses, Wife Swap, Silver Tongue Son"
3/15/2025,"Panther Revival, Plasma Canvas, Violent Death, DAMN Selene"
3/20/2025,"Darling Driftwood, Nemona, Elaine, Bad Boy Bug"
3/21/2025,"Give Me Gold, Gone Full Heathen, Ebony Darkness, Miniluv, BiteSize"
3/25/2025,"Shred Flinstone, Gilla Teen, Cormen Bartola"
3/28/2025,"Angel Band, Star99, Sonic Chick, Jacob Akira"
3/29/2025,"Harbor, grave Solace, Dropout, darklurker"
4/1/2025,"Leisure Hour, Flowerhead, A Place for Owls, Postcards"
4/5/2025,"Abandons, only echoes, oyarsa fainting dreams"
4/11/2025,"Tuff Tuff, Soy Celesté, Silver Tongue Son, Soul Trick"
4/13/2025,Stitch n Bitch
4/16/2025,"Age of Apocalypse, Polish, Writheinfear"
4/18/2025,"Everlasting Everything, Mood Swing Misery, Frog team!, ok i love you"
4/19/2025,"Soneffs, On the Zenith, Ash Tree Lane, Injury"
4/20/2025,"The Losers, Smear Campaign, Pig Splitter, Cherry Spit"
4/24/2025,FAGS: Gender Anarchy - April (No bands)
4/26/2025,"Ragetones, Jo Rodriguez, Fiona Liv, Silver Tongue Son"
4/27/2025,"Squint, Flesh Tape, Crossbar, Strainer"
5/4/2025,"Flak, Eyas Luna, Fauvism, Writherinfear, Deadgods"
5/8/2025,"The Moray, Onion Girl, Fables of the Fall, Jo Rodriguez"
5/9/2025,"Team Nonexistent, Boof, SWAG, Discount Vodka, Anystate, Hive Mind"
5/11/2025,Stitch n Bitch
5/11/2025,"Acid Sentence, deathblow, nihil, insipidus"
5/14/2025,"Flickers from the Fan, Orcus, Silencia Cumanente, AMN, Apoxypon"
5/16/2025,"Non-renewed, Nix on the pails, emma marten"
5/17/2025,"Harvested, cronos compulsion, aleister cowboy, Inoculated life"
5/18/2025,"Gila Teen, Surprise Soup, Fauna, Pill Joy"
5/23/2025,"Undissasembled, What Counts, Cologne, Critter, Crossbar"
5/24/2025,"A Lack of Champions, Adrenalin, Still Gunna Bail, Call Me Dragon"
5/25/2025,"Fleabags!, Dead Docket, SolDog"
5/28/2025,"Volatile, pay no mind, good for now, white oak doors"
5/29/2025,FAGS: Gender Anarchy - May (No bands)
5/31/2025,"Strainer, Herr God, Fat Evil Children, Ampule"
6/6/2025,Denver Underground Pride Day 1
6/7/2025,Underground Pride Day 2
6/8/2025,Underground Pride Day 3
6/13/2025,"Harbor, Claymore, Accustomed to Suffering, Spoil the Moment, Bonsai"
6/18/2025,"Sunshowers, Guacamole Light Switch, Radio Fry"
6/20/2025,"Monkey Man, Flush, Skoki, Aratik"
6/22/2025,"Spoil the Moment, Rosemary Nods Upon the Grave, Athousandangels, Amod"
6/23/2025,"Edith, postdrone, spark of life, hostile takeover"
6/25/2025,"On the Zenith, Now if Ever, Karatebody!"
6/26/2025,Fags: fundraiser for Transcontinental Pipeline 🏳️‍⚧️
6/27/2025,"Doomscroll, Giant Wave, Matt Pless, Huntyr Moon"
6/28/2025,"upon a fields whisper, poison tribe, polish, victim of fire"
7/4/2025,"Fatalist, Missouri Executive Order 44, Opposition Agent, Caged Grave"
7/6/2025,DashCon 2 Viewing Party
7/8/2025,"Plastic Forearm, Propolis, phantomsmooch"
7/19/2025,"Noogy, Gasm, SWAG, The Disposable Icons"
7/20/2025,Stitch n Bitch
7/23/2025,"Cop Killer, Big Knife, Vulgarian, White Oak Doors"
7/25/2025,"FROLIC, Apraxia, Nihil, Divine Demise"
7/26/2025,"Pseudocrush, Amazon Crimes, Battle Pussy, Denver Dissent"
7/27/2025,"Vomit Forth, Weeping, Backlip, Epileptic Avulsions"
7/29/2025,"Her New Knife, Cherished, Mofie, Summer of Peril"
7/30/2025,"Identity Crisis, Self Abuse, Ukkos Hammer, Human Wound, Hostile Takeover"
7/31/2025,FAGS: RECLAIM: trans fundraiser
8/2/2025,"Weald & Woe, Upon a Fields Whisper, Oreyn"
8/3/2025,"Flower Head, Good Sleepy, Glue Coast, Skiimo"
8/5/2025,"Angel band, sonic chick, fragrant blossom, scorplings"
8/7/2025,"Gasket, xGaargoylex, cop killer, glass knife, critter"
8/8/2025,"Give Me Gold, Overwroghts, Now If Ever, Soul Trick"
8/9/2025,"Thrillrot, Tunnel Jumper, Soulherder, Under Society, Underseer"
8/10/2025,Stitch n Bitch
8/14/2025,"Doom Scroll, The Ragetones, Grinning Death, Damn Selene"
8/15/2025,Mile High Power Fest Battle of the Bands
8/17/2025,"High Charity, Primal Agression, Tray of Rock, Ash Tree Lane"
8/20/2025,"Team Nonexistent, Tezca, Pitchfork, Gila Teen"
8/23/2025,Rude Awakening Festival
8/28/2025,FAGS: Gender Anarchy
8/30/2025,"Sludge Incorporated, GUNK, Jules Frantic"
9/5/2025,"Grather Way, Mirkwood, Spoil the Moment, Slug City"
9/6/2025,"Panpsychism, Obscene Worship, Acid Sentence, Vitriolic Withering"
9/9/2025,"Ignorant Bliss, Impalement, Utter Scorn, Tomb Dweller, Crypts of Golgotha"
9/11/2025,"Carrion Crawlers, The Left, [SALT], Axe Bunny"
9/12/2025,"Lagrimas, Maul, Victim of Fire, Harvested, Polish, Aleister Cowboy"
9/13/2025,"Leisure hour, Arcadia grey, skiimo, lobster fight"
9/15/2025,"Facepulp, Alison Walks, Kthulu, Copkiller"
9/16/2025,"Vulgarian, Private Prisons, Deadgods"
9/19/2025,"Cavernous, Now if Ever, Tray of Rock, Volatile"
9/20/2025,"Crushed, Hot War, Dead Gods, Seam Ripper, Tulpa, Soul Trick, Thee Retcons"
9/25/2025,FAGS - September
9/26/2025,"Noogy, RadioFry, Amish Drive By, Toxic Authority, The Black Gloves"
9/30/2025,"Harvested, Gored Embrace, Dying Remains, Crypts of Golgotha"
10/1/2025,"Zenith, friend, tdi, dogmon"
10/6/2025,"My Beloved, Behindcoloredglass, Fallfiftyfeet, Postdrome"
10/8/2025,"Sad Boy Union, Grumble & The Ghost, Piñatas"
10/10/2025,"Pitchfork, All My Senses, Ebony Darkness, GUSH"
10/11/2025,"Falu Red, Cavernous, Brutal Torture, Among Wolves, Crypts of Golgotha"
